Date,Equities,Gold,REITs,Bitcoin
02-01-2015,8395.450195,1186,54.10811996,315.0320129
05-01-2015,8378.400391,1203.900024,54.40426254,274.473999
06-01-2015,8127.350098,1219.300049,54.94388962,286.1889954
07-01-2015,8102.100098,1210.599976,55.78625488,294.3370056
08-01-2015,8234.599609,1208.400024,55.99683762,283.348999
09-01-2015,8284.5,1216,56.02317429,290.4079895
12-01-2015,8323,1232.699951,56.45092773,267.79599
13-01-2015,8299.400391,1234.300049,56.36538315,225.8609924
14-01-2015,8277.549805,1234.400024,56.85237122,178.1029968
15-01-2015,8494.150391,1264.699951,56.98397827,209.8439941
16-01-2015,8513.799805,1276.900024,57.47754288,208.0970001
20-01-2015,8695.599609,1294.199951,57.02347565,211.3150024
21-01-2015,8729.5,1293.699951,56.98397827,226.8970032
22-01-2015,8761.400391,1300.699951,57.99745178,233.4060059
23-01-2015,8835.599609,1292.599976,57.83293533,232.8789978
27-01-2015,8910.5,1291.699951,58.3396492,263.4750061
28-01-2015,8914.299805,1285.900024,57.95138168,233.9149933
29-01-2015,8952.349609,1254.599976,58.1553688,233.5130005
30-01-2015,8808.900391,1278.5,56.95764923,226.4250031
02-02-2015,8797.400391,1276.199951,56.80630112,238.2290039
03-02-2015,8756.549805,1259.699951,57.29987717,227.2680054
04-02-2015,8723.700195,1263.800049,57.06295776,226.8529968
05-02-2015,8711.700195,1262,57.7473793,217.1109924
06-02-2015,8661.049805,1233.900024,56.06924057,222.2660065
09-02-2015,8526.349609,1240.800049,55.67438507,220.1100006
10-02-2015,8565.549805,1231.599976,55.8520813,219.8390045
11-02-2015,8627.400391,1219,55.68754959,219.1849976
12-02-2015,8711.549805,1220.099976,56.35221481,221.7640076
13-02-2015,8805.5,1226.5,55.97711563,235.427002
18-02-2015,8869.099609,1199.699951,56.35881424,236.326004
19-02-2015,8895.299805,1207.099976,55.14789963,240.2830048
20-02-2015,8833.599609,1204.400024,55.68095779,243.779007
23-02-2015,8754.950195,1200.300049,56.12845993,238.8919983
24-02-2015,8762.099609,1196.900024,55.02288818,238.7350006
25-02-2015,8767.25,1201,55.03604889,237.4700012
26-02-2015,8683.849609,1209.599976,54.43716812,236.4259949
27-02-2015,8844.599609,1212.599976,54.86494446,253.8280029
02-03-2015,8956.75,1207.699951,55.18082047,275.6700134
03-03-2015,8996.25,1204,55.07553101,281.7019958
04-03-2015,8922.650391,1200.599976,54.54904556,273.0920105
05-03-2015,8937.75,1195.900024,54.7069664,276.178009
09-03-2015,8756.75,1166.400024,53.31184769,289.6069946
10-03-2015,8712.049805,1160.099976,53.27235031,291.7600098
11-03-2015,8699.950195,1150.699951,53.31842422,296.3789978
12-03-2015,8776,1152.099976,54.24633789,294.3540039
13-03-2015,8647.75,1152.599976,54.21342468,285.3370056
16-03-2015,8633.150391,1153.300049,54.77278519,290.5929871
17-03-2015,8723.299805,1148.300049,54.7530632,285.5050049
18-03-2015,8685.900391,1151.400024,55.89814758,256.2990112
19-03-2015,8634.650391,1169.099976,55.8718071,260.928009
20-03-2015,8570.900391,1184.800049,57.27354431,261.7489929
23-03-2015,8550.900391,1188,57.20116043,266.7399902
24-03-2015,8542.950195,1191.699951,56.71416855,245.5950012
25-03-2015,8530.799805,1197.300049,55.73569107,246.1970062
26-03-2015,8342.150391,1205.099976,55.4444046,248.5319977
27-03-2015,8341.400391,1199.800049,55.51724243,247.029007
30-03-2015,8492.299805,1184.800049,56.31166458,247.526001
31-03-2015,8491,1183.099976,55.8151474,244.223999
01-04-2015,8586.25,1208.099976,55.73569107,247.2720032
06-04-2015,8659.900391,1218.599976,56.74196243,255.4920044
07-04-2015,8660.299805,1210.599976,55.74230576,253.1799927
08-04-2015,8714.400391,1203.099976,55.8283844,245.0220032
09-04-2015,8778.299805,1193.599976,54.66981888,243.6759949
10-04-2015,8780.349609,1204.599976,54.63011551,236.0720062
13-04-2015,8834,1199.300049,54.484478,224.5870056
16-04-2015,8706.700195,1198,54.40502167,228.572998
17-04-2015,8606,1202.900024,54.15346146,222.8820038
20-04-2015,8448.099609,1193.5,54.23290253,224.6260071
21-04-2015,8377.75,1202.900024,54.32556915,235.2689972
22-04-2015,8429.700195,1186.900024,54.43813705,234.1759949
23-04-2015,8398.299805,1194.400024,54.58376312,236.4620056
24-04-2015,8305.25,1175.199951,54.69631195,231.2680054
27-04-2015,8213.799805,1203.300049,54.62348938,229.2859955
28-04-2015,8285.599609,1214,54.51757431,225.8549957
29-04-2015,8239.75,1209.800049,53.41860199,225.8079987
30-04-2015,8181.5,1182.400024,52.55136871,236.1450043
04-05-2015,8331.950195,1186.800049,53.00153351,239.0180054
05-05-2015,8324.799805,1193.199951,51.84963608,236.1210022
06-05-2015,8097,1190.300049,51.75032425,229.7819977
07-05-2015,8057.299805,1182.400024,52.54475784,237.3339996
08-05-2015,8191.5,1189.099976,53.27959824,243.8630066
11-05-2015,8325.25,1183.199951,52.47854614,242.1580048
12-05-2015,8126.950195,1192.599976,52.63744736,241.1119995
13-05-2015,8235.450195,1218.400024,52.13428497,236.3769989
14-05-2015,8224.200195,1225.400024,53.14056396,236.9290009
15-05-2015,8262.349609,1225.5,53.6834259,237.6049957
18-05-2015,8373.650391,1227.800049,53.54440689,233.128006
19-05-2015,8365.650391,1206.900024,53.35902786,231.9470062
20-05-2015,8423.25,1208.900024,53.31270218,234.0180054
21-05-2015,8421,1204.400024,53.06111908,235.3439941
22-05-2015,8458.950195,1204.300049,52.99491882,240.3480072
26-05-2015,8339.349609,1187.199951,52.59107971,237.1159973
27-05-2015,8334.599609,1185.900024,53.10747147,237.2830048
28-05-2015,8319,1188.099976,53.00153351,237.4080048
29-05-2015,8433.650391,1189.400024,52.39247513,237.095993
01-06-2015,8433.400391,1188.300049,53.0346489,222.9259949
02-06-2015,8236.450195,1194.099976,52.54475784,225.8029938
03-06-2015,8135.100098,1184.699951,51.79003143,225.8739929
04-06-2015,8130.649902,1174.900024,51.69073486,224.3240051
05-06-2015,8114.700195,1167.800049,51.11476135,224.9519958
08-06-2015,8044.149902,1173.199951,51.02209854,228.4889984
09-06-2015,8022.399902,1177.300049,50.65136337,229.0480042
10-06-2015,8124.450195,1186.099976,51.00885773,228.8029938
11-06-2015,7965.350098,1179.900024,51.32001114,229.7050018
12-06-2015,7982.899902,1178.800049,51.27366638,229.9819946
15-06-2015,8013.899902,1185.300049,50.9956131,236.822998
16-06-2015,8047.299805,1180.5,51.40605545,250.8950043
17-06-2015,8091.549805,1176.400024,51.84298706,249.2839966
18-06-2015,8174.600098,1201.5,52.5579834,249.0070038
19-06-2015,8224.950195,1201.5,52.15414429,244.6060028
22-06-2015,8353.099609,1183.699951,51.61790848,246.9900055
23-06-2015,8381.549805,1176.199951,51.18759537,244.2960052
24-06-2015,8360.849609,1172.599976,50.90954971,240.5149994
25-06-2015,8398,1171.5,50.39318085,242.798996
26-06-2015,8381.099609,1172.900024,50.75561523,243.5939941
29-06-2015,8318.400391,1178.5,49.9665184,257.0639954
30-06-2015,8368.5,1171.5,49.94646072,263.071991
01-07-2015,8453.049805,1169,50.76899719,258.6210022
02-07-2015,8444.900391,1163,50.89605331,255.4120026
06-07-2015,8522.150391,1172.900024,51.21700668,269.0299988
07-07-2015,8510.799805,1152.400024,52.01949692,266.2070007
08-07-2015,8363.049805,1163.300049,51.81886292,270.7850037
09-07-2015,8328.549805,1159,51.57144928,269.2279968
10-07-2015,8360.549805,1157.699951,51.99942017,284.8940125
13-07-2015,8459.650391,1155.199951,52.07300186,292.0539856
14-07-2015,8454.099609,1153.300049,52.17996979,287.4639893
15-07-2015,8523.799805,1147.199951,52.26690674,285.82901
16-07-2015,8608.049805,1143.800049,52.68820953,278.0889893
17-07-2015,8609.849609,1131.800049,52.50098419,279.4719849
20-07-2015,8603.450195,1106.699951,52.56115341,278.9809875
21-07-2015,8529.450195,1103.400024,52.4140358,275.8330078
22-07-2015,8633.5,1091.400024,52.64138794,277.2219849
23-07-2015,8589.799805,1094,51.98605728,276.0490112
24-07-2015,8521.549805,1085.599976,52.20672607,288.2780151
27-07-2015,8361,1096.5,52.30034637,293.6239929
28-07-2015,8337,1096.300049,52.33378601,294.427002
29-07-2015,8375.049805,1092.699951,52.67482758,289.5899963
30-07-2015,8421.799805,1088.400024,52.4140358,287.7219849
31-07-2015,8532.849609,1094.900024,52.82863998,284.6499939
03-08-2015,8543.049805,1089.400024,53.15631866,281.2269897
04-08-2015,8516.900391,1090.699951,52.76845551,285.2179871
05-08-2015,8567.950195,1085.699951,52.42071915,281.8819885
06-08-2015,8588.650391,1090.199951,52.49428177,278.5769958
07-08-2015,8564.599609,1094.099976,52.68820953,279.5849915
10-08-2015,8525.599609,1104.199951,52.52103424,264.4700012
11-08-2015,8462.349609,1107.599976,52.86877823,270.3859863
12-08-2015,8349.450195,1123.199951,53.03593826,266.3760071
13-08-2015,8355.849609,1115.699951,53.09613419,264.0799866
14-08-2015,8518.549805,1112.900024,53.38367081,265.6799927
17-08-2015,8477.299805,1118.599976,53.83838654,257.9760132
18-08-2015,8466.549805,1117.099976,53.98550797,211.0789948
19-08-2015,8495.150391,1128.099976,53.66452408,226.6840057
20-08-2015,8372.75,1153,53.2699852,235.3500061
21-08-2015,8299.950195,1159.599976,52.28028488,232.5690002
24-08-2015,7809,1153.400024,49.8327713,210.4949951
25-08-2015,7880.700195,1138.199951,48.46191406,221.6089935
26-08-2015,7791.850098,1124.599976,49.77259827,225.8309937
27-08-2015,7948.950195,1122.400024,50.7355423,224.7689972
28-08-2015,8001.950195,1133.099976,50.66199493,231.3959961
31-08-2015,7971.299805,1131.599976,49.50511169,230.0559998
01-09-2015,7785.850098,1138.699951,48.56221008,228.1210022
02-09-2015,7717,1132.5,49.06377792,229.2839966
03-09-2015,7823,1123.699951,49.1975174,227.1829987
04-09-2015,7655.049805,1120.599976,48.281353,230.2980042
08-09-2015,7688.25,1120.400024,49.01025772,243.6069946
09-09-2015,7818.600098,1102.199951,48.44853973,238.1679993
10-09-2015,7788.100098,1109.5,48.55554581,238.477005
11-09-2015,7789.299805,1103.5,49.48505402,240.1069946
14-09-2015,7872.25,1107.699951,49.51179886,230.6439972
15-09-2015,7829.100098,1102.800049,49.99995804,230.3040009
16-09-2015,7899.149902,1119.199951,50.53495026,229.0910034
18-09-2015,7981.899902,1138.099976,51.02310562,232.9750061
21-09-2015,7977.100098,1133.099976,51.45775986,227.0850067
22-09-2015,7812,1125,50.80912018,230.6179962
23-09-2015,7845.950195,1131.599976,51.12788773,230.2830048
24-09-2015,7868.5,1153.800049,50.64835739,234.529007
28-09-2015,7795.700195,1132,50.06076431,239.1419983
29-09-2015,7843.299805,1127.099976,50.59432602,236.6869965
30-09-2015,7948.899902,1115.5,51.01982498,236.0599976
01-10-2015,7950.899902,1114.199951,51.26972961,237.548996
05-10-2015,8119.299805,1138.099976,52.51247406,240.3829956
06-10-2015,8152.899902,1146.800049,52.39090729,246.0630035
07-10-2015,8177.399902,1149,52.99201202,242.9689941
08-10-2015,8129.350098,1144.699951,53.43778229,242.3040009
09-10-2015,8189.700195,1156.300049,53.34997559,243.9309998
12-10-2015,8143.600098,1164.900024,53.72820282,245.3079987
13-10-2015,8131.700195,1165.800049,53.30945587,249.5079956
14-10-2015,8107.899902,1180.099976,52.91093826,251.9889984
15-10-2015,8179.5,1187.900024,53.6336441,254.3200073
16-10-2015,8238.150391,1183.599976,54.03889465,262.868988
19-10-2015,8275.049805,1173.300049,54.79533005,263.4370117
20-10-2015,8261.650391,1178,54.77507401,269.4630127
21-10-2015,8251.700195,1167.599976,54.5724411,266.2720032
23-10-2015,8295.450195,1163.300049,54.51842117,276.4960022
26-10-2015,8260.549805,1167,54.50490189,285.2999878
27-10-2015,8232.900391,1166.800049,54.48464203,293.7879944
28-10-2015,8171.200195,1177.099976,54.53192902,304.6180115
29-10-2015,8111.75,1147.199951,54.45760727,313.855011
30-10-2015,8065.799805,1141.5,53.95783234,328.0150146
02-11-2015,8050.799805,1135.800049,55.10600662,361.1889954
03-11-2015,8060.700195,1114.199951,54.55217361,403.4169922
04-11-2015,8040.200195,1106.5,54.30904388,411.5629883
05-11-2015,7955.450195,1104.400024,54.52516937,386.3540039
06-11-2015,7954.299805,1087.599976,52.82991409,374.4700012
09-11-2015,7915.200195,1087.900024,51.92487717,380.2569885
10-11-2015,7783.350098,1088.199951,52.5192337,336.8190002
13-11-2015,7762.25,1080.800049,51.62770081,336.7529907
16-11-2015,7806.600098,1083.699951,52.22203827,330.7510071
17-11-2015,7837.549805,1068.699951,52.22203827,335.0939941
18-11-2015,7731.799805,1068.800049,52.68132782,334.5899963
19-11-2015,7842.75,1078,52.84343719,326.1489868
20-11-2015,7856.549805,1076.400024,53.50531769,322.0220032
23-11-2015,7849.25,1066.800049,53.62013626,323.04599
24-11-2015,7831.600098,1074.300049,53.33646393,320.04599
27-11-2015,7942.700195,1056.199951,54.01862717,358.0419922
30-11-2015,7935.25,1065.800049,53.62013626,377.3210144
01-12-2015,7954.899902,1063.800049,54.36307907,362.4880066
02-12-2015,7931.350098,1054.199951,53.25540924,359.1870117
03-12-2015,7864.149902,1061.699951,52.41792679,361.04599
04-12-2015,7781.899902,1084.5,53.4175148,363.1830139
07-12-2015,7765.399902,1076.400024,53.26893616,395.5360107
08-12-2015,7701.700195,1076.300049,53.22165298,415.5629883
09-12-2015,7612.5,1077.599976,52.92447281,417.5629883
10-12-2015,7683.299805,1073.099976,52.54623795,415.4790039
11-12-2015,7610.450195,1076.900024,52.45168686,451.9379883
14-12-2015,7650.049805,1064.699951,52.69483185,444.1820068
15-12-2015,7700.899902,1062.900024,53.26893616,465.3210144
16-12-2015,7750.899902,1078,54.30904388,454.9339905
17-12-2015,7844.350098,1050.800049,54.03889465,456.0780029
18-12-2015,7761.950195,1066.199951,53.41074371,463.6159973
21-12-2015,7834.450195,1081.900024,53.62013626,438.6390076
22-12-2015,7786.100098,1074.800049,53.83624649,436.571991
23-12-2015,7865.950195,1069.400024,54.38962173,442.401001
24-12-2015,7861.049805,1077.199951,54.38962173,454.9849854
28-12-2015,7925.149902,1070.5,54.69092178,422.2789917
29-12-2015,7928.950195,1077.5,55.27304459,432.9830017
30-12-2015,7896.25,1060.099976,55.08131027,426.6199951
31-12-2015,7946.350098,1060.300049,54.60190582,430.5669861
04-01-2016,7791.299805,1075.099976,53.94445419,433.0910034
05-01-2016,7784.649902,1078.400024,54.9854126,431.9599915
06-01-2016,7741,1091.900024,54.8347435,429.105011
07-01-2016,7568.299805,1107.699951,53.76641464,458.0480042
08-01-2016,7601.350098,1097.800049,53.04732513,453.230011
11-01-2016,7563.850098,1096.5,53.34866333,448.428009
12-01-2016,7510.299805,1085.599976,52.99254227,435.6900024
13-01-2016,7562.399902,1087.5,52.2323761,432.3710022
14-01-2016,7536.799805,1073.900024,52.10910797,430.3059998
15-01-2016,7437.799805,1091.5,51.75300217,364.3309937
19-01-2016,7435.100098,1089.900024,52.02692795,380.1489868
20-01-2016,7309.299805,1107.099976,50.62985992,420.230011
21-01-2016,7276.799805,1099.099976,50.91065216,410.2619934
22-01-2016,7422.450195,1097.199951,52.3282547,382.4920044
25-01-2016,7436.149902,1106.199951,51.99952698,391.7260132
27-01-2016,7437.75,1116.099976,52.06117249,394.9719849
28-01-2016,7424.649902,1115.599976,51.66397095,380.2890015
29-01-2016,7563.549805,1116.400024,52.72546387,379.473999
01-02-2016,7555.950195,1127.900024,52.81447983,373.0559998
02-02-2016,7455.549805,1127.300049,52.33510208,374.447998
03-02-2016,7361.799805,1141.300049,52.68437576,369.9490051
04-02-2016,7404,1157.599976,52.71177292,389.5939941
05-02-2016,7489.100098,1157.800049,51.71190262,386.5490112
08-02-2016,7387.25,1197.900024,50.23264313,373.446991
09-02-2016,7298.200195,1198.699951,49.30813599,376.0289917
10-02-2016,7215.700195,1194.699951,49.65054321,381.6489868
11-02-2016,6976.350098,1247.900024,48.94517517,379.6539917
12-02-2016,6980.950195,1239.099976,49.50672531,384.2630005
16-02-2016,7048.25,1207.900024,50.41756439,407.4880066
17-02-2016,7108.450195,1211.099976,50.84900665,416.321991
18-02-2016,7191.75,1226.099976,51.36261749,422.3729858
19-02-2016,7210.75,1230.400024,51.65710449,420.7850037
22-02-2016,7234.549805,1209.5,52.15019608,437.7479858
23-02-2016,7109.549805,1222.300049,52.01323318,420.7359924
24-02-2016,7018.700195,1238.699951,51.95158768,424.9549866
25-02-2016,6970.600098,1238.199951,53.0130806,424.5440063
26-02-2016,7029.75,1219.800049,52.739151,432.1520081
29-02-2016,6987.049805,1233.900024,52.53369904,437.696991
01-03-2016,7222.299805,1230.300049,54.01295853,435.1229858
02-03-2016,7368.850098,1241.099976,54.40328979,423.9890137
03-03-2016,7475.600098,1257.400024,54.69092178,421.651001
04-03-2016,7485.350098,1269.900024,54.69778442,410.9389954
08-03-2016,7485.299805,1262.099976,54.2800293,413.9719849
09-03-2016,7531.799805,1256.599976,54.5813446,414.8599854
10-03-2016,7486.149902,1272,54.38275528,417.131012
11-03-2016,7510.200195,1258.699951,55.60178757,421.6900024
14-03-2016,7538.75,1244.400024,55.60861206,416.4379883
15-03-2016,7460.600098,1230.400024,55.63601303,416.8299866
16-03-2016,7498.75,1229.300049,56.30716324,417.0109863
17-03-2016,7512.549805,1264.5,57.1015625,420.6210022
18-03-2016,7604.350098,1253.800049,56.85500717,409.5480042
21-03-2016,7704.25,1243.800049,56.3418808,413.3070068
22-03-2016,7714.899902,1248.199951,56.3418808,418.0889893
23-03-2016,7716.5,1223.699951,56.03717422,418.0409851
28-03-2016,7615.100098,1219.900024,56.56345367,424.2309875
29-03-2016,7597,1235.599976,57.78919601,416.5159912
30-03-2016,7735.200195,1226.900024,57.6783905,414.8160095
31-03-2016,7738.399902,1234.199951,58.03157043,416.7290039
01-04-2016,7713.049805,1222.199951,57.95539856,417.9599915
04-04-2016,7758.799805,1218,57.87229919,421.4440002
05-04-2016,7603.200195,1228.400024,57.49142075,424.0299988
06-04-2016,7614.350098,1222.5,57.62990952,423.4129944
07-04-2016,7546.450195,1236.199951,57.26982498,422.7449951
08-04-2016,7555.200195,1242.5,57.58837128,420.348999
11-04-2016,7671.399902,1256.699951,57.47065353,422.4830017
12-04-2016,7708.950195,1259.400024,57.88615799,425.1900024
13-04-2016,7850.450195,1246.800049,57.62990952,423.7340088
18-04-2016,7914.700195,1233.599976,58.01773071,428.5910034
20-04-2016,7914.75,1253.199951,57.06208801,441.3890076
21-04-2016,7912.049805,1249,56.04410553,449.4249878
22-04-2016,7899.299805,1228.699951,56.65349197,445.7369995
25-04-2016,7855.049805,1238.900024,57.12439728,461.4259949
26-04-2016,7962.649902,1242.199951,57.34601974,466.0889893
27-04-2016,7979.899902,1249.199951,57.31137466,444.6870117
28-04-2016,7847.25,1265.5,57.19364166,449.0109863
29-04-2016,7849.799805,1289.199951,56.66733551,455.0969849
02-05-2016,7805.899902,1294.699951,57.54680634,444.6690063
03-05-2016,7747,1290.699951,57.63684845,450.3039856
04-05-2016,7706.549805,1273.300049,58.46093369,446.7219849
05-05-2016,7735.5,1271.400024,58.6271286,447.9760132
06-05-2016,7733.450195,1292.900024,59.27116013,459.6029968
09-05-2016,7866.049805,1265.599976,59.92208099,460.4830017
10-05-2016,7887.799805,1263.900024,59.91517639,450.894989
11-05-2016,7848.850098,1274.599976,58.63406754,452.7279968
12-05-2016,7900.399902,1270.300049,58.97338486,454.7659912
13-05-2016,7814.899902,1271.900024,58.44709015,455.6700134
16-05-2016,7860.75,1273.400024,59.00108337,454.1629944
17-05-2016,7890.75,1276.199951,57.90692902,453.7829895
18-05-2016,7870.149902,1273.699951,56.99974442,454.618988
19-05-2016,7783.399902,1254.199951,56.36265945,438.7149963
20-05-2016,7749.700195,1252.400024,56.81277847,442.6759949
23-05-2016,7731.049805,1251.099976,56.81967926,444.1549988
24-05-2016,7748.850098,1228.900024,57.52606583,445.9809875
25-05-2016,7934.899902,1223.5,57.52606583,449.598999
26-05-2016,8069.649902,1220.099976,57.63684845,453.3840027
27-05-2016,8156.649902,1213.800049,57.94845963,473.4639893
31-05-2016,8160.100098,1214.800049,57.94155121,531.3859863
01-06-2016,8179.950195,1211.900024,57.99000549,536.9199829
02-06-2016,8218.950195,1209.800049,58.28778839,537.9719849
03-06-2016,8220.799805,1240.099976,58.52325058,569.1939697
06-06-2016,8201.049805,1244.599976,58.07313156,585.5369873
07-06-2016,8266.450195,1244.400024,58.42630386,576.5969849
08-06-2016,8273.049805,1259.800049,58.80023956,581.6450195
09-06-2016,8203.599609,1270.199951,58.93182373,574.6300049
10-06-2016,8170.049805,1273.400024,58.65481949,577.4699707
13-06-2016,8110.600098,1284.400024,58.66867065,704.3759766
14-06-2016,8108.850098,1285.599976,58.51632309,685.559021
15-06-2016,8206.599609,1285.800049,59.07032013,694.4689941
16-06-2016,8140.75,1296.099976,59.40272522,766.3079834
17-06-2016,8170.200195,1292.5,59.30577469,748.9089966
20-06-2016,8238.5,1290,59.38890076,737.2260132
21-06-2016,8219.900391,1270.5,59.61527634,666.6519775
22-06-2016,8203.700195,1268,59.52442551,596.1160278
23-06-2016,8270.450195,1261.199951,59.82489395,623.9769897
24-06-2016,8088.600098,1320,59.29385757,665.2990112
27-06-2016,8094.700195,1322.5,59.33576965,655.2750244
28-06-2016,8127.850098,1315.300049,60.58648682,647.0009766
29-06-2016,8204,1323.900024,61.32016373,639.8900146
30-06-2016,8287.75,1318.400024,61.9560051,673.3369751
01-07-2016,8328.349609,1336.699951,61.97694016,676.2960205
05-07-2016,8335.950195,1356.400024,62.66172028,670.6270142
07-07-2016,8337.900391,1360.099976,61.74637222,640.5620117
08-07-2016,8323.200195,1356.599976,62.7455368,666.5230103
11-07-2016,8467.900391,1355,63.16478729,647.6589966
12-07-2016,8521.049805,1334.099976,63.15778732,664.5510254
13-07-2016,8519.5,1342.400024,63.50714874,654.4680176
14-07-2016,8565,1331.300049,62.94119644,658.0780029
15-07-2016,8541.400391,1326.5,62.96216202,663.2550049
18-07-2016,8508.700195,1328.400024,63.12985992,673.1060181
19-07-2016,8528.549805,1331.5,63.43729401,672.8640137
20-07-2016,8565.849609,1318.800049,63.44428253,665.6849976
21-07-2016,8510.099609,1330.5,63.57004929,665.0120239
22-07-2016,8541.200195,1323.099976,64.12903595,650.6190186
25-07-2016,8635.650391,1319.300049,64.01024628,654.0969849
26-07-2016,8590.650391,1320.699951,63.69581985,651.7839966
27-07-2016,8615.799805,1326.599976,63.19971466,654.3519897
28-07-2016,8666.299805,1332.300049,63.78665161,655.0349731
29-07-2016,8638.5,1349,64.59719849,656.9920044
01-08-2016,8636.549805,1351.400024,64.73692322,606.2719727
02-08-2016,8622.900391,1364.400024,63.70279694,547.4650269
03-08-2016,8544.849609,1356.099976,63.33246613,566.3549805
04-08-2016,8551.099609,1358.800049,63.07395935,578.2890015
05-08-2016,8683.150391,1336.400024,63.11588669,575.0430298
08-08-2016,8711.349609,1333.400024,63.22766876,591.0540161
09-08-2016,8678.25,1339,63.57004929,587.8010254
10-08-2016,8575.299805,1344.300049,63.50016022,592.1030273
11-08-2016,8592.150391,1342.5,62.78046036,589.1199951
16-08-2016,8642.549805,1350.5,62.22848892,577.4390259
17-08-2016,8624.049805,1342.699951,62.48002625,573.2160034
18-08-2016,8673.25,1351.199951,62.2494545,574.3179932
19-08-2016,8666.900391,1340.400024,61.85117722,575.6300049
22-08-2016,8629.150391,1337.699951,62.18657684,586.7529907
23-08-2016,8632.599609,1340.599976,62.22151947,583.414978
24-08-2016,8650.299805,1324.400024,61.94898987,580.1820068
25-08-2016,8592.200195,1320.099976,62.22848892,577.7609863
26-08-2016,8572.549805,1321.5,61.61361694,579.651001
29-08-2016,8607.450195,1322.900024,62.22151947,574.1069946
30-08-2016,8744.349609,1311.699951,62.10271835,577.5029907
31-08-2016,8786.200195,1306.900024,62.16563797,575.4719849
01-09-2016,8774.650391,1312.199951,62.01189423,572.3029785
02-09-2016,8809.650391,1322.099976,62.54991913,575.5369873
06-09-2016,8943,1349.400024,63.03203583,610.4359741
07-09-2016,8917.950195,1344.300049,63.40933228,614.5440063
08-09-2016,8952.5,1336.800049,62.63376617,626.315979
09-09-2016,8866.700195,1330.099976,60.15327454,622.8610229
12-09-2016,8715.599609,1321,60.86597443,608.242981
14-09-2016,8726.599609,1321.5,59.52783203,610.684021
15-09-2016,8742.549805,1313.5,59.75296402,607.1550293
16-09-2016,8779.849609,1305.800049,59.7810936,606.9730225
19-09-2016,8808.400391,1313.5,60.32283783,609.2269897
20-09-2016,8775.900391,1313.699951,60.23136902,608.3120117
21-09-2016,8777.150391,1326.900024,61.00529099,597.1489868
22-09-2016,8867.450195,1340.400024,62.09579468,596.2979736
23-09-2016,8831.549805,1337.199951,62.28576279,602.84198
26-09-2016,8723.049805,1339.699951,62.43349075,608.0430298
27-09-2016,8706.400391,1325.900024,61.77215958,606.1660156
28-09-2016,8745.150391,1319.400024,62.27872086,604.7280273
29-09-2016,8591.25,1321.699951,61.44851685,605.6929932
30-09-2016,8611.150391,1313.300049,61.02640152,609.7349854
03-10-2016,8738.099609,1309,59.88664627,612.1329956
04-10-2016,8769.150391,1266.300049,59.07051849,610.2039795
05-10-2016,8743.950195,1265.199951,57.87447357,612.5109863
06-10-2016,8709.549805,1249.800049,57.89557266,613.0209961
07-10-2016,8697.599609,1248.900024,57.79706955,617.1209717
13-10-2016,8573.349609,1255,58.71168518,636.7860107
14-10-2016,8583.400391,1253.099976,58.45138931,640.3779907
17-10-2016,8520.400391,1254.400024,58.57801437,639.1929932
18-10-2016,8677.900391,1260.800049,58.95091629,637.960022
19-10-2016,8659.099609,1267.900024,59.07754517,630.5200195
20-10-2016,8699.400391,1265.599976,58.94387436,630.8569946
21-10-2016,8693.049805,1265.900024,58.72575378,632.8280029
24-10-2016,8708.950195,1262,58.85944748,653.7609863
25-10-2016,8691.299805,1271.900024,58.75389481,657.5880127
26-10-2016,8615.25,1264.800049,57.98704147,678.3040161
27-10-2016,8615.25,1267.900024,56.46735001,688.3129883
28-10-2016,8638,1275.5,56.60102463,689.651001
01-11-2016,8626.25,1286.400024,56.27036285,729.7930298
02-11-2016,8514,1306.800049,55.44719696,740.8289795
03-11-2016,8484.950195,1302.099976,55.01801682,688.7000122
04-11-2016,8433.75,1303.300049,55.45421982,703.2349854
07-11-2016,8497.049805,1278.300049,56.42514038,703.1309814
08-11-2016,8543.549805,1273.400024,56.7206459,709.8480225
09-11-2016,8432,1272.599976,55.86231232,723.2730103
10-11-2016,8525.75,1265.5,54.92656708,715.5339966
15-11-2016,8108.450195,1224,56.09448242,711.6190186
16-11-2016,8111.600098,1223.400024,55.93264771,744.197998
17-11-2016,8079.950195,1216.5,55.36278152,740.9769897
18-11-2016,8074.100098,1208.5,55.52459717,751.585022
21-11-2016,7929.100098,1209.599976,55.35573959,739.2479858
22-11-2016,8002.299805,1211,56.32664871,751.3469849
23-11-2016,8033.299805,1189.099976,56.08742905,744.5939941
25-11-2016,8114.299805,1178.199951,56.41106415,741.6489868
28-11-2016,8126.899902,1190.599976,56.67139053,735.8129883
29-11-2016,8142.149902,1187.900024,57.21311569,735.6040039
30-11-2016,8224.5,1170.800049,56.55883789,745.690979
01-12-2016,8192.900391,1166.900024,55.72860718,756.7739868
02-12-2016,8086.799805,1175.099976,56.28445053,777.9439697
05-12-2016,8128.75,1174,56.69952011,758.7000122
06-12-2016,8143.149902,1167.599976,57.06536484,764.223999
07-12-2016,8102.049805,1175,58.20514297,768.132019
08-12-2016,8246.849609,1169.800049,58.60616302,770.8099976
09-12-2016,8261.75,1159.400024,58.54283905,772.7940063
12-12-2016,8170.799805,1163.5,58.92980576,780.0869751
13-12-2016,8221.799805,1156.699951,58.90165329,780.5560303
14-12-2016,8182.450195,1161.300049,57.61415863,781.4810181
15-12-2016,8153.600098,1127.800049,57.27643967,778.0880127
16-12-2016,8139.450195,1135.300049,58.13478088,784.9069824
19-12-2016,8104.350098,1140.5,58.76094055,792.7139893
20-12-2016,8082.399902,1131.5,58.89461899,800.8759766
21-12-2016,8061.299805,1131.099976,58.00112152,834.2810059
22-12-2016,7979.100098,1128.800049,57.90413666,864.539978
23-12-2016,7985.75,1131.900024,58.05497742,921.9840088
27-12-2016,8032.850098,1137.300049,58.17710114,933.197998
28-12-2016,8034.850098,1139.400024,57.82510757,975.9210205
29-12-2016,8103.600098,1156.400024,58.54344559,973.4970093
30-12-2016,8185.799805,1150,59.28330231,961.2379761
03-01-2017,8192.25,1160.400024,59.4772644,1043.839966
04-01-2017,8190.5,1163.800049,60.34642792,1154.72998
05-01-2017,8273.799805,1179.699951,60.54037476,1013.380005
06-01-2017,8243.799805,1171.900024,60.54758453,902.2009888
09-01-2017,8236.049805,1183.5,60.00162888,902.8280029
10-01-2017,8288.599609,1184.199951,59.49163818,907.6790161
11-01-2017,8380.650391,1195.599976,59.12527466,777.757019
12-01-2017,8407.200195,1198.900024,59.42698288,804.8339844
13-01-2017,8400.349609,1195.300049,59.34076691,823.9840088
17-01-2017,8398,1212,59.80049896,907.9379883
18-01-2017,8417,1211.300049,59.90106201,886.617981
19-01-2017,8435.099609,1200.900024,59.29050827,899.072998
20-01-2017,8349.349609,1204.300049,59.72148514,895.026001
23-01-2017,8391.5,1215,60.22431183,921.0120239
24-01-2017,8475.799805,1210.300049,60.23867798,892.6870117
25-01-2017,8602.75,1197.300049,59.84361267,901.5419922
27-01-2017,8641.25,1188.099976,59.14681244,919.75
30-01-2017,8632.75,1193.199951,58.74456787,920.382019
31-01-2017,8561.299805,1208.599976,59.16840363,970.4030151
01-02-2017,8716.400391,1205.599976,58.45724869,989.0230103
02-02-2017,8734.25,1216.699951,59.15401077,1011.799988
03-02-2017,8740.950195,1218.5,59.4772644,1029.910034
06-02-2017,8801.049805,1230,59.37669373,1038.150024
07-02-2017,8768.299805,1234.199951,59.16840363,1061.349976
08-02-2017,8769.049805,1237.599976,59.63528824,1063.069946
09-02-2017,8778.400391,1235.099976,59.77895355,994.3829956
10-02-2017,8793.549805,1234.400024,60.20278168,988.6740112
13-02-2017,8805.049805,1224.400024,60.22431183,990.6420288
14-02-2017,8792.299805,1223.900024,59.90826035,1004.549988
15-02-2017,8724.700195,1231.699951,59.70711517,1007.47998
16-02-2017,8778,1240,60.05909348,1027.439941
17-02-2017,8821.700195,1237.599976,60.17403793,1046.209961
21-02-2017,8907.849609,1237.5,60.94264603,1115.300049
22-02-2017,8926.900391,1232,60.74150848,1117.439941
23-02-2017,8939.5,1250.199951,61.05755997,1166.719971
27-02-2017,8896.700195,1257.400024,61.66814041,1179.969971
28-02-2017,8879.599609,1252.599976,61.24433136,1179.969971
01-03-2017,8945.799805,1248.900024,61.05755997,1222.5
02-03-2017,8899.75,1231.900024,60.72714615,1251.01001
03-03-2017,8897.549805,1225.5,60.49009705,1274.98999
06-03-2017,8963.450195,1224.5,60.21712494,1272.829956
07-03-2017,8946.900391,1215.099976,59.92979813,1223.540039
08-03-2017,8924.299805,1208.5,58.82358932,1150
09-03-2017,8927,1202.400024,57.94005203,1188.48999
10-03-2017,8934.549805,1200.699951,57.76047134,1116.719971
14-03-2017,9087,1201.900024,57.88973618,1240
15-03-2017,9084.799805,1200.099976,59.06062698,1249.609985
16-03-2017,9153.700195,1226.5,58.94569397,1187.810059
17-03-2017,9160.049805,1229.800049,59.21866608,1100.22998
20-03-2017,9126.849609,1233.599976,59.16840363,1054.22998
21-03-2017,9121.5,1246.099976,58.90977478,1120.540039
22-03-2017,9030.450195,1249.300049,58.87722397,1049.140015
23-03-2017,9086.299805,1246.900024,59.31136703,1038.589966
24-03-2017,9108,1248.199951,59.24623489,937.5200195
27-03-2017,9045.200195,1255.400024,58.71079636,1045.77002
28-03-2017,9100.799805,1255.300049,58.96405792,1047.150024
29-03-2017,9143.799805,1253.400024,59.29686356,1039.969971
30-03-2017,9173.75,1245,59.40543365,1026.430054
31-03-2017,9173.75,1247.300049,59.75997925,1071.790039
03-04-2017,9237.849609,1250.800049,59.93363953,1143.810059
05-04-2017,9265.150391,1245.400024,60.02045441,1124.780029
06-04-2017,9261.950195,1250.300049,60.33882523,1182.680054
07-04-2017,9198.299805,1254.300049,60.42566299,1176.900024
10-04-2017,9181.450195,1251.099976,60.80194092,1187.130005
11-04-2017,9237,1271.199951,61.22159958,1205.01001
12-04-2017,9203.450195,1275.300049,61.11307907,1200.369995
13-04-2017,9150.799805,1285.900024,60.97558594,1169.280029
17-04-2017,9139.299805,1289.400024,61.71363449,1193.910034
18-04-2017,9105.150391,1291.699951,61.88003159,1211.670044
19-04-2017,9103.5,1281.400024,61.79323196,1210.290039
20-04-2017,9136.400391,1281.900024,61.80044556,1229.079956
21-04-2017,9119.400391,1287.400024,61.57612991,1222.050049
24-04-2017,9217.950195,1275.800049,60.89599609,1250.150024
25-04-2017,9306.599609,1265.599976,61.14923859,1265.48999
26-04-2017,9351.849609,1262.099976,60.69341278,1281.079956
27-04-2017,9342.150391,1263.699951,60.53420258,1317.72998
28-04-2017,9304.049805,1266.099976,59.90470505,1316.47998
02-05-2017,9313.799805,1255.099976,60.15795517,1452.819946
03-05-2017,9311.950195,1246.400024,59.35476685,1490.089966
04-05-2017,9359.900391,1226.5,59.06534958,1537.670044
05-05-2017,9285.299805,1224.800049,59.62252045,1555.449951
08-05-2017,9314.049805,1225.300049,59.20282745,1723.349976
09-05-2017,9316.849609,1214.300049,58.88446045,1755.359985
10-05-2017,9407.299805,1217.300049,59.34754181,1787.130005
11-05-2017,9422.400391,1222.699951,59.05086899,1848.569946
12-05-2017,9400.900391,1226.199951,58.8120842,1724.23999
15-05-2017,9445.400391,1228.599976,58.98575974,1738.430054
16-05-2017,9512.25,1235,58.58779907,1734.449951
17-05-2017,9525.75,1257.5,58.82657242,1839.089966
18-05-2017,9429.450195,1251.699951,59.15219116,1888.650024
19-05-2017,9427.900391,1252.699951,59.47055435,1987.709961
22-05-2017,9438.25,1260.699951,59.70206451,2173.399902
23-05-2017,9386.150391,1254.800049,59.75273132,2320.419922
24-05-2017,9360.549805,1252.400024,60.23752975,2443.639893
25-05-2017,9509.75,1255.800049,60.24477005,2304.97998
26-05-2017,9595.099609,1267.599976,59.81063843,2202.419922
30-05-2017,9624.549805,1262.099976,59.43438339,2175.469971
31-05-2017,9621.25,1272,59.47055435,2286.409912
01-06-2017,9616.099609,1267,59.78167725,2407.879883
02-06-2017,9653.5,1276.800049,60.39671326,2488.550049
05-06-2017,9675.099609,1279.300049,60.13624573,2686.810059
06-06-2017,9637.150391,1294.400024,59.84680557,2863.199951
07-06-2017,9663.900391,1290.099976,60.26648712,2732.159912
08-06-2017,9647.25,1276.300049,60.12176132,2805.620117
09-06-2017,9668.25,1268.5,60.54143524,2823.810059
12-06-2017,9616.400391,1266.099976,61.08414078,2659.629883
13-06-2017,9606.900391,1265.800049,61.22159958,2717.02002
14-06-2017,9618.150391,1272.800049,61.30844116,2506.370117
15-06-2017,9578.049805,1252.199951,61.61955643,2464.580078
16-06-2017,9588.049805,1254,61.46037292,2518.560059
19-06-2017,9657.549805,1244.199951,61.46761322,2589.600098
20-06-2017,9653.5,1241,61.32289886,2721.790039
21-06-2017,9633.599609,1243.400024,61.19989395,2689.100098
22-06-2017,9630,1247.599976,61.25777817,2705.409912
23-06-2017,9574.950195,1256.199951,61.47034836,2744.909912
27-06-2017,9511.400391,1246.400024,61.35348511,2552.449951
28-06-2017,9491.25,1248,61.49957275,2574.790039
29-06-2017,9504.099609,1244.199951,60.79831314,2539.320068
30-06-2017,9520.900391,1240.699951,60.79831314,2480.840088
03-07-2017,9615,1217.900024,61.57262421,2564.060059
05-07-2017,9637.599609,1220.400024,60.70333481,2601.98999
06-07-2017,9674.549805,1222.199951,59.56378555,2608.560059
07-07-2017,9665.799805,1208.599976,59.89979553,2518.659912
10-07-2017,9771.049805,1212.099976,59.35193634,2372.560059
11-07-2017,9786.049805,1213.599976,59.28620148,2337.790039
12-07-2017,9816.099609,1218.099976,60.0166893,2398.840088
13-07-2017,9891.700195,1216.300049,60.1116333,2357.899902
14-07-2017,9886.349609,1226.599976,60.68874741,2233.340088
17-07-2017,9915.950195,1232.800049,61.17816162,2228.409912
18-07-2017,9827.150391,1241.099976,61.04667282,2318.879883
19-07-2017,9899.599609,1241.199951,61.50688171,2273.429932
20-07-2017,9873.299805,1244.800049,61.22200012,2817.600098
21-07-2017,9915.25,1254.300049,61.17816162,2667.76001
24-07-2017,9966.400391,1253.900024,61.06126785,2754.860107
25-07-2017,9964.549805,1251.699951,61.14162445,2576.47998
26-07-2017,10020.65039,1249,61.56531906,2529.449951
27-07-2017,10020.5498,1259.599976,61.63837051,2671.780029
28-07-2017,10014.5,1268.400024,61.47034836,2809.01001
31-07-2017,10077.09961,1266.599976,61.55070114,2875.340088
01-08-2017,10114.65039,1272.599976,61.82827759,2718.26001
02-08-2017,10081.5,1271.800049,61.26581192,2710.669922
03-08-2017,10013.65039,1267.800049,61.14162445,2804.72998
04-08-2017,10066.40039,1258.300049,61.34617615,2895.889893
07-08-2017,10057.40039,1258.199951,61.28042984,3378.939941
08-08-2017,9978.549805,1256.400024,60.98823547,3419.939941
09-08-2017,9908.049805,1273,60.78370285,3342.469971
10-08-2017,9820.25,1283.699951,60.34540558,3381.280029
11-08-2017,9710.799805,1287.699951,59.97286224,3650.620117
14-08-2017,9794.150391,1284.199951,60.97360611,4325.129883
16-08-2017,9897.299805,1276.900024,61.03206635,4376.629883
17-08-2017,9904.150391,1286.400024,60.65219116,4331.689941
18-08-2017,9837.400391,1285.699951,60.03862,4160.620117
21-08-2017,9754.349609,1290.800049,60.68143845,4001.73999
22-08-2017,9765.549805,1285.099976,60.50611115,4100.52002
23-08-2017,9852.5,1288.900024,61.12702179,4151.52002
24-08-2017,9857.049805,1286.5,60.93709946,4334.680176
28-08-2017,9912.799805,1309.699951,60.76177216,4382.660156
29-08-2017,9796.049805,1313.099976,60.69602585,4579.02002
30-08-2017,9884.400391,1308.099976,61.03936386,4565.299805
31-08-2017,9917.900391,1316.199951,61.38998795,4703.390137
01-09-2017,9974.400391,1324.5,61.60185623,4892.009766
05-09-2017,9952.200195,1339.199951,61.43383026,4376.529785
06-09-2017,9916.200195,1333.900024,61.59454346,4597.120117
07-09-2017,9929.900391,1345.099976,61.98900223,4599.879883
08-09-2017,9934.799805,1346,62.04014206,4228.75
11-09-2017,10006.0498,1331,62.60989761,4161.27002
12-09-2017,10093.0498,1328,61.87210083,4130.810059
13-09-2017,10079.2998,1323.400024,61.71140671,3882.590088
14-09-2017,10086.59961,1324.699951,62.22275543,3154.949951
15-09-2017,10085.40039,1320.400024,62.33963776,3637.52002
18-09-2017,10153.09961,1306.300049,62.00360489,4065.199951
19-09-2017,10147.5498,1306.199951,61.59454346,3924.969971
20-09-2017,10141.15039,1312,61.42653275,3905.949951
21-09-2017,10121.90039,1290.599976,61.30963898,3631.040039
22-09-2017,9964.400391,1293.300049,60.87717056,3630.699951
25-09-2017,9872.599609,1306.800049,61.23141861,3926.070068
26-09-2017,9871.5,1297,61.33474731,3892.350098
27-09-2017,9735.75,1283.400024,60.78123856,4200.669922
28-09-2017,9768.950195,1285.5,61.19451141,4174.72998
29-09-2017,9788.599609,1281.5,61.31996536,4163.069824
03-10-2017,9859.5,1271.5,61.14286041,4317.47998
04-10-2017,9914.900391,1273.699951,61.45281601,4229.359863
05-10-2017,9888.700195,1269.900024,61.67421722,4328.410156
06-10-2017,9979.700195,1271.599976,61.47495651,4370.810059
09-10-2017,9988.75,1281.800049,61.62255859,4772.02002
10-10-2017,10016.9502,1290.599976,61.80706024,4781.990234
11-10-2017,9984.799805,1285.800049,62.01369095,4826.47998
12-10-2017,10096.40039,1293.300049,62.41220093,5446.910156
13-10-2017,10167.4502,1301.5,62.57457352,5647.209961
16-10-2017,10230.84961,1299.900024,62.26462173,5725.589844
17-10-2017,10234.4502,1283,62.33841705,5605.509766
18-10-2017,10210.84961,1279.900024,62.27199554,5590.689941
19-10-2017,10146.5498,1286.900024,62.08749008,5708.52002
23-10-2017,10184.84961,1277.699951,61.49710083,5930.319824
24-10-2017,10207.7002,1275,61.12810135,5526.640137
25-10-2017,10295.34961,1275.400024,60.95098114,5750.799805
26-10-2017,10343.7998,1266.300049,60.44914627,5904.830078
27-10-2017,10323.0498,1268.5,60.72221756,5780.899902
30-10-2017,10363.65039,1274.099976,60.67054367,6130.529785
31-10-2017,10335.2998,1267,60.66314697,6468.399902
01-11-2017,10440.5,1274.099976,60.95836639,6767.310059
02-11-2017,10423.7998,1274.900024,61.47495651,7078.5
03-11-2017,10452.5,1266.5,61.31996536,7207.759766
06-11-2017,10451.7998,1279.400024,61.73324203,7022.759766
07-11-2017,10350.15039,1273.699951,62.23510742,7144.379883
08-11-2017,10303.15039,1281.599976,62.54506683,7459.689941
09-11-2017,10308.9502,1285.599976,62.61145782,7143.580078
10-11-2017,10321.75,1272.400024,62.67790222,6618.140137
13-11-2017,10224.9502,1277.300049,62.99523926,6559.490234
14-11-2017,10186.59961,1281.5,62.86238861,6635.75
15-11-2017,10118.0498,1276.5,62.22773361,7315.540039
16-11-2017,10214.75,1277.400024,62.74430847,7871.689941
17-11-2017,10283.59961,1295.800049,62.47124481,7708.990234
20-11-2017,10298.75,1274.599976,62.28675842,8200.639648
21-11-2017,10326.90039,1281.099976,62.75169373,8071.259766
22-11-2017,10342.2998,1291.599976,62.61145782,8253.549805
24-11-2017,10389.7002,1286.699951,62.69265747,8253.69043
27-11-2017,10399.5498,1293.800049,62.39743423,9818.349609
28-11-2017,10370.25,1294.699951,62.16128922,10058.7998
29-11-2017,10361.2998,1282.099976,62.1834259,9888.610352
30-11-2017,10226.5498,1273.199951,62.27936172,10233.59961
01-12-2017,10121.7998,1278.800049,62.42697525,10975.59961
04-12-2017,10127.75,1274.300049,62.11699295,11657.2002
05-12-2017,10118.25,1261.599976,61.60039902,11916.7002
06-12-2017,10044.09961,1262.800049,61.54135513,14291.5
07-12-2017,10166.7002,1249.800049,61.69635773,17899.69922
08-12-2017,10265.65039,1245.199951,62.01369095,16569.40039
11-12-2017,10322.25,1243.699951,62.0063324,16936.80078
12-12-2017,10240.15039,1238.5,62.30887222,17415.40039
13-12-2017,10192.9502,1245.400024,62.41220093,16408.19922
14-12-2017,10252.09961,1253.800049,62.39743423,16564
15-12-2017,10333.25,1254.300049,62.78858185,17706.90039
18-12-2017,10388.75,1262.199951,63.20186996,19114.19922
19-12-2017,10463.2002,1260.699951,61.85872269,17776.69922
20-12-2017,10444.2002,1266.099976,61.14286041,16624.59961
21-12-2017,10440.2998,1267.300049,60.90603638,15802.90039
22-12-2017,10493,1275.400024,61.3257103,13831.7998
26-12-2017,10531.5,1284.099976,61.63298035,16099.7998
27-12-2017,10490.75,1287,61.8353157,15838.5
28-12-2017,10477.90039,1294.099976,62.16507721,14606.5
29-12-2017,10530.7002,1306.300049,62.18757248,14656.2002
02-01-2018,10442.2002,1313.699951,61.95524216,14982.09961
03-01-2018,10443.2002,1316.199951,61.77539063,15201
04-01-2018,10504.7998,1319.400024,60.7111969,15599.2002
05-01-2018,10558.84961,1320.300049,60.74117279,17429.5
08-01-2018,10623.59961,1318.599976,61.05593109,15170.09961
09-01-2018,10637,1311.699951,60.2690239,14595.40039
10-01-2018,10632.2002,1317.400024,59.59453201,14973.2998
11-01-2018,10651.2002,1320.599976,59.39217758,13405.7998
12-01-2018,10681.25,1333.400024,58.91255569,13980.59961
16-01-2018,10700.4502,1335.400024,59.02497101,11490.5
17-01-2018,10788.5498,1338,59.43715668,11188.59961
18-01-2018,10817,1326,58.67275238,11474.90039
19-01-2018,10894.7002,1331.900024,58.98750305,11607.40039
22-01-2018,10966.2002,1330.900024,59.52709198,10931.40039
23-01-2018,11083.7002,1335.699951,60.35147095,10868.40039
24-01-2018,11086,1355.900024,60.03671265,11359.40039
25-01-2018,11069.65039,1362.400024,59.93178558,11259.40039
30-01-2018,11049.65039,1335.400024,58.49287796,10106.2998
31-01-2018,11027.7002,1339,59.54209518,10221.09961
01-02-2018,11016.90039,1344.300049,58.26054764,9170.540039
02-02-2018,10760.59961,1333.699951,57.76593018,8830.75
05-02-2018,10666.5498,1333,56.04974365,6955.27002
06-02-2018,10498.25,1326.099976,56.0572319,7754
07-02-2018,10476.7002,1311.599976,55.81742096,7621.299805
08-02-2018,10576.84961,1316.900024,54.21364594,8265.589844
09-02-2018,10454.9502,1313.099976,55.57012939,8736.980469
12-02-2018,10539.75,1324.199951,55.59260559,8926.570313
14-02-2018,10500.90039,1355.5,55.5776062,9494.629883
15-02-2018,10545.5,1352.099976,56.11719513,10166.40039
16-02-2018,10452.2998,1353.199951,56.42444992,10233.90039
20-02-2018,10360.40039,1328.800049,55.75746155,11403.7002
21-02-2018,10397.4502,1330,54.65581512,10690.40039
22-02-2018,10382.7002,1330.599976,55.2778244,10005
23-02-2018,10491.0498,1328.199951,56.16217041,10301.09961
26-02-2018,10582.59961,1330.699951,56.31954575,10366.7002
27-02-2018,10554.2998,1315.5,55.00803375,10725.59961
28-02-2018,10492.84961,1315.5,54.97055054,10397.90039
01-03-2018,10458.34961,1302.900024,55.02302551,10951
05-03-2018,10358.84961,1318.099976,55.62255478,11573.2998
06-03-2018,10249.25,1333.599976,55.88486481,10779.90039
07-03-2018,10154.2002,1326,56.22960281,9965.570313
08-03-2018,10242.65039,1319.900024,56.33451843,9395.009766
09-03-2018,10226.84961,1322.400024,56.6417923,9337.549805
12-03-2018,10421.40039,1319.400024,56.88909912,9205.120117
13-03-2018,10426.84961,1325.900024,56.94156647,9194.849609
14-03-2018,10410.90039,1324.400024,56.99402237,8269.80957
15-03-2018,10360.15039,1316.800049,56.97903061,8300.860352
16-03-2018,10195.15039,1311.300049,57.37623215,8338.349609
19-03-2018,10094.25,1316.800049,56.88160324,8630.650391
20-03-2018,10124.34961,1311.099976,56.6867485,8913.469727
21-03-2018,10155.25,1320.699951,56.2670784,8929.280273
22-03-2018,10114.75,1326.599976,55.93733215,8728.469727
23-03-2018,9998.049805,1349.300049,54.94059372,8879.620117
26-03-2018,10130.65039,1354.400024,55.56564713,8209.400391
27-03-2018,10184.15039,1341.300049,55.77752686,7833.040039
28-03-2018,10113.7002,1324.199951,57.17743683,7954.47998
02-04-2018,10211.7998,1342.099976,56.33747864,7083.799805
03-04-2018,10245,1332.800049,56.81421661,7456.109863
04-04-2018,10128.40039,1335.800049,57.41202927,6853.839844
05-04-2018,10325.15039,1324.300049,57.38931656,6811.470215
06-04-2018,10331.59961,1331.900024,56.95797729,6636.319824
09-04-2018,10379.34961,1336.300049,56.77638245,6770.72998
10-04-2018,10402.25,1342,56.71584702,6834.759766
11-04-2018,10417.15039,1356.5,56.83691788,6968.319824
12-04-2018,10458.65039,1338.400024,56.20127869,7889.25
13-04-2018,10480.59961,1344.800049,56.49641418,7895.959961
16-04-2018,10528.34961,1347.5,56.84449768,8058.669922
17-04-2018,10548.7002,1347.199951,57.51039505,7902.089844
18-04-2018,10526.2002,1351.199951,57.38931656,8163.419922
19-04-2018,10565.2998,1346.800049,56.55693054,8294.30957
20-04-2018,10564.0498,1336.699951,56.03479385,8845.830078
23-04-2018,10584.7002,1322.5,55.98937607,8930.879883
24-04-2018,10614.34961,1331.400024,56.20127869,9697.5
25-04-2018,10570.5498,1321.199951,56.09533691,8845.740234
26-04-2018,10617.7998,1316.300049,56.82933426,9281.509766
27-04-2018,10692.2998,1320.300049,57.80550385,8987.049805
30-04-2018,10739.34961,1316.199951,57.5784874,9240.549805
02-05-2018,10718.0498,1302.599976,57.88876343,9235.919922
03-05-2018,10679.65039,1310.699951,57.85092163,9743.860352
04-05-2018,10618.25,1312.699951,58.48655319,9700.759766
07-05-2018,10715.5,1312.199951,58.88004684,9373.009766
08-05-2018,10717.7998,1312,58.58491135,9234.820313
09-05-2018,10741.7002,1311.300049,58.97842026,9325.179688
10-05-2018,10716.5498,1320.800049,59.44001389,9043.94043
11-05-2018,10806.5,1319,59.23570633,8441.490234
14-05-2018,10806.59961,1316.5,58.72871399,8716.790039
15-05-2018,10801.84961,1288.900024,57.7752533,8510.379883
16-05-2018,10741.09961,1290.199951,57.60120773,8368.830078
17-05-2018,10682.7002,1288.199951,57.31364441,8094.319824
18-05-2018,10596.40039,1290.199951,57.38931656,8250.969727
21-05-2018,10516.7002,1290.199951,58.07036972,8418.990234
22-05-2018,10536.7002,1291.699951,58.15359497,8041.779785
23-05-2018,10430.34961,1289.300049,58.73627472,7557.819824
24-05-2018,10513.84961,1303.699951,58.61520386,7587.339844
25-05-2018,10605.15039,1303.300049,58.8195076,7480.140137
29-05-2018,10633.2998,1298.699951,59.09950256,7472.589844
30-05-2018,10614.34961,1301.5,59.90161133,7406.52002
31-05-2018,10736.15039,1300.099976,59.69729233,7494.169922
01-06-2018,10696.2002,1294.800049,59.96215439,7541.450195
04-06-2018,10628.5,1293.099976,60.48429489,7514.470215
05-06-2018,10593.15039,1297.5,60.32537079,7633.759766
06-06-2018,10684.65039,1297.099976,60.46916199,7653.97998
07-06-2018,10768.34961,1298.699951,60.46916199,7678.240234
08-06-2018,10767.65039,1298.099976,60.68860245,7624.919922
11-06-2018,10786.9502,1298.900024,60.59780121,6906.919922
12-06-2018,10842.84961,1295.099976,60.96101761,6582.359863
13-06-2018,10856.7002,1296.900024,59.77298355,6349.899902
14-06-2018,10808.0498,1304,60.34050751,6675.350098
15-06-2018,10817.7002,1274.599976,60.30267334,6456.580078
18-06-2018,10799.84961,1276.199951,60.31949234,6734.819824
19-06-2018,10710.4502,1275.599976,60.25838089,6769.939941
20-06-2018,10772.0498,1271.199951,60.93045425,6776.549805
21-06-2018,10741.09961,1267.199951,61.22069168,6729.740234
22-06-2018,10821.84961,1267.400024,61.701828,6083.689941
25-06-2018,10762.4502,1265.599976,61.54146194,6249.180176
26-06-2018,10769.15039,1256.599976,61.74001312,6093.669922
27-06-2018,10671.40039,1252.800049,61.50328445,6157.129883
28-06-2018,10589.09961,1247.800049,62.05315399,5903.439941
29-06-2018,10714.2998,1251.300049,62.20590591,6218.299805
02-07-2018,10657.2998,1239.800049,61.86222458,6614.180176
03-07-2018,10699.90039,1251.599976,62.32810211,6529.589844
05-07-2018,10749.75,1257.300049,63.06890488,6639.140137
06-07-2018,10772.65039,1254.300049,63.40496445,6673.5
09-07-2018,10852.90039,1258.099976,62.90089417,6741.75
10-07-2018,10947.25,1253.800049,63.03072357,6329.950195
11-07-2018,10948.2998,1242.800049,62.82452774,6394.709961
12-07-2018,11023.2002,1245,63.01544189,6228.810059
13-07-2018,11018.90039,1239.599976,62.82452774,6238.049805
16-07-2018,10936.84961,1238.099976,62.4884491,6741.75
17-07-2018,11008.0498,1225.699951,62.07606125,7321.040039
18-07-2018,10980.4502,1226.300049,61.80110931,7370.779785
19-07-2018,10957.09961,1222.400024,62.52664948,7466.859863
20-07-2018,11010.2002,1229.5,61.92333984,7354.129883
23-07-2018,11084.75,1224,61.79348373,7711.109863
24-07-2018,11134.2998,1223.900024,61.48033905,8424.269531
25-07-2018,11132,1231.400024,61.96912766,8181.390137
26-07-2018,11167.2998,1225.300049,62.17534637,7951.580078
27-07-2018,11278.34961,1222.599976,61.51091766,8165.009766
30-07-2018,11319.5498,1221.300049,61.54908371,8180.47998
31-07-2018,11356.5,1223.699951,62.5801239,7780.439941
01-08-2018,11346.2002,1217.900024,63.02308273,7624.910156
02-08-2018,11244.7002,1210.599976,62.77105713,7567.149902
03-08-2018,11360.7998,1214.199951,63.45078659,7434.390137
06-08-2018,11387.09961,1208.599976,63.36677551,6951.799805
07-08-2018,11389.4502,1209.599976,63.25222015,6753.120117
08-08-2018,11450,1212.599976,62.8856163,6305.799805
09-08-2018,11470.7002,1211.900024,62.91617203,6568.22998
10-08-2018,11429.5,1211.099976,62.435009,6184.709961
13-08-2018,11355.75,1191.300049,62.31280518,6297.569824
14-08-2018,11435.09961,1193,62.61832047,6199.709961
16-08-2018,11385.0498,1176.199951,63.61117935,6334.72998
17-08-2018,11470.75,1176.5,64.19923401,6580.629883
20-08-2018,11551.75,1186.800049,64.24504852,6308.529785
21-08-2018,11570.90039,1192.599976,63.8555603,6488.759766
23-08-2018,11582.75,1187,63.33623123,6534.879883
24-08-2018,11557.09961,1206.300049,63.7104454,6719.959961
27-08-2018,11691.9502,1209,63.48133087,6884.640137
28-08-2018,11738.5,1207.400024,64.33669281,7096.279785
29-08-2018,11691.90039,1204.5,64.35198975,7047.160156
30-08-2018,11676.7998,1197.699951,63.93956375,6978.22998
31-08-2018,11680.5,1200.300049,64.19159698,7037.580078
04-09-2018,11520.2998,1192.699951,63.42787552,7361.660156
05-09-2018,11476.9502,1194.900024,63.79446411,6792.830078
06-09-2018,11536.90039,1197.900024,63.97774506,6529.169922
07-09-2018,11589.09961,1193.599976,63.28274918,6467.069824
10-09-2018,11438.09961,1193,63.56532288,6329.700195
11-09-2018,11287.5,1195.400024,63.5576973,6321.200195
12-09-2018,11369.90039,1204.699951,63.58825684,6351.799805
14-09-2018,11515.2002,1195,63.49658966,6512.709961
17-09-2018,11377.75,1199.699951,63.70280457,6281.200195
18-09-2018,11278.90039,1196.800049,63.39730835,6371.299805
19-09-2018,11234.34961,1202.199951,62.65648651,6398.540039
21-09-2018,11143.09961,1196.199951,63.22164917,6734.950195
24-09-2018,10967.40039,1199.300049,62.08633804,6595.410156
25-09-2018,11067.4502,1200,62.09408569,6446.470215
26-09-2018,11053.7998,1194,61.35062408,6495
27-09-2018,10977.5498,1182.300049,61.64492416,6676.75
28-09-2018,10930.4502,1191.5,62.48130035,6644.129883
01-10-2018,11008.2998,1187.099976,61.90048218,6589.620117
03-10-2018,10858.25,1198.300049,61.10280609,6502.589844
04-10-2018,10599.25,1197.199951,60.59166336,6576.689941
05-10-2018,10316.4502,1201.199951,60.56069946,6622.47998
08-10-2018,10348.0498,1184.400024,61.43582535,6652.22998
09-10-2018,10301.0498,1187.199951,61.52098846,6642.640137
10-10-2018,10460.09961,1189.300049,60.60718536,6585.529785
11-10-2018,10234.65039,1223.5,58.87243652,6256.240234
12-10-2018,10472.5,1218.099976,58.71754074,6274.580078
15-10-2018,10512.5,1226.400024,59.11252594,6596.540039
16-10-2018,10584.75,1227.300049,60.32838058,6596.109863
17-10-2018,10453.0498,1223.699951,60.09605408,6544.430176
19-10-2018,10303.5498,1225.300049,60.49875641,6465.410156
22-10-2018,10245.25,1221.199951,59.65460205,6487.160156
23-10-2018,10146.7998,1233.400024,59.91791916,6475.740234
24-10-2018,10224.75,1227.800049,60.48325348,6495.839844
25-10-2018,10124.90039,1229.099976,61.25769424,6476.290039
26-10-2018,10030,1232.5,59.78627777,6474.75
29-10-2018,10250.84961,1224.5,60.54520798,6332.629883
30-10-2018,10198.40039,1222.599976,61.37387085,6334.27002
31-10-2018,10386.59961,1212.300049,60.65364838,6317.609863
01-11-2018,10380.4502,1236,60.94015884,6377.779785
02-11-2018,10553,1230.900024,60.43681335,6388.439941
05-11-2018,10524,1229.800049,61.33514786,6419.660156
06-11-2018,10530,1223.800049,61.64492416,6461.009766
07-11-2018,10598.40039,1226.199951,62.38063049,6530.140137
09-11-2018,10585.2002,1206.400024,62.41931915,6385.620117
12-11-2018,10482.2002,1201.300049,62.54325867,6371.27002
13-11-2018,10582.5,1199.199951,62.48130035,6359.490234
14-11-2018,10576.2998,1207.900024,62.32642365,5738.350098
15-11-2018,10616.7002,1212.800049,61.90048218,5648.029785
16-11-2018,10682.2002,1220.800049,62.56648254,5575.549805
19-11-2018,10763.40039,1223.099976,62.65168381,4871.490234
20-11-2018,10656.2002,1219,62.00889587,4451.870117
21-11-2018,10600.0498,1225.800049,62.06309891,4602.169922
26-11-2018,10628.59961,1220.199951,62.05535889,3779.129883
27-11-2018,10685.59961,1211.199951,62.31865311,3820.719971
28-11-2018,10728.84961,1221.400024,62.87628174,4257.419922
29-11-2018,10858.7002,1224.099976,62.89174652,4278.84668
30-11-2018,10876.75,1220.199951,63.48807144,4017.268555
03-12-2018,10883.75,1233.900024,63.82881546,3894.130859
04-12-2018,10869.5,1241.099976,62.88399887,3956.893799
06-12-2018,10601.15039,1238.099976,64.44061279,3521.101807
07-12-2018,10693.7002,1246.800049,63.59649658,3419.937256
10-12-2018,10488.4502,1243.699951,63.18603516,3502.656006
11-12-2018,10549.15039,1241.900024,63.21701813,3424.588135
12-12-2018,10737.59961,1244.400024,62.2412262,3486.950195
13-12-2018,10791.5498,1242.699951,62.60091782,3313.677246
14-12-2018,10805.4502,1237,62.42068481,3242.484863
17-12-2018,10888.34961,1247.400024,60.06961823,3545.864746
18-12-2018,10908.7002,1249.199951,60.68875122,3696.059082
19-12-2018,10967.2998,1252.099976,60.02260208,3745.950684
20-12-2018,10951.7002,1263.599976,59.12134933,4134.441406
21-12-2018,10754,1253.800049,58.29849243,3896.543701
24-12-2018,10663.5,1267.5,56.22173309,4078.599121
26-12-2018,10729.84961,1269.199951,58.10258102,3857.297607
27-12-2018,10779.7998,1277.300049,58.09473801,3654.833496
28-12-2018,10859.90039,1279.900024,58.28281784,3923.918701
31-12-2018,10862.5498,1278.300049,58.43955231,3742.700439
02-01-2019,10792.5,1281,57.16998291,3943.409424
03-01-2019,10672.25,1291.800049,57.569664,3836.741211
04-01-2019,10727.34961,1282.699951,58.24362564,3857.717529
07-01-2019,10771.7998,1286.800049,58.81572723,4025.248291
08-01-2019,10802.15039,1283.199951,60.03043365,4030.8479
09-01-2019,10855.15039,1289.300049,59.94422913,4035.296387
10-01-2019,10821.59961,1284.699951,60.75925064,3678.924561
11-01-2019,10794.9502,1287.099976,60.93167114,3687.365479
14-01-2019,10737.59961,1289.099976,60.72791672,3706.052246
15-01-2019,10886.7998,1286.199951,61.30783844,3630.675293
16-01-2019,10890.2998,1291.599976,61.7388649,3655.006836
17-01-2019,10905.2002,1291,62.03668976,3678.563965
18-01-2019,10906.9502,1281.300049,62.24829102,3657.839355
22-01-2019,10922.75,1282.5,62.06019974,3604.577148
23-01-2019,10831.5,1283.099976,62.06803894,3585.123047
24-01-2019,10849.7998,1279.099976,62.27963257,3600.865479
25-01-2019,10780.5498,1297.400024,63.05546951,3599.765869
28-01-2019,10661.5498,1302.400024,63.67461014,3470.450439
29-01-2019,10652.2002,1308.199951,64.17613983,3448.116943
30-01-2019,10651.7998,1309.900024,64.69338226,3486.181641
31-01-2019,10830.9502,1319.699951,65.36734772,3457.792725
01-02-2019,10893.65039,1316.900024,64.95200348,3487.945313
04-02-2019,10912.25,1314.300049,65.43788147,3459.154053
05-02-2019,10934.34961,1314.199951,65.81407166,3466.357422
06-02-2019,11062.4502,1309.5,65.38301849,3413.767822
07-02-2019,11069.40039,1309.400024,65.92376709,3399.47168
08-02-2019,10943.59961,1313.699951,65.92376709,3666.780273
11-02-2019,10888.7998,1307,66.10402679,3648.430664
12-02-2019,10831.40039,1309.199951,65.68867493,3653.528564
14-02-2019,10746.0498,1309.800049,66.23725128,3616.880859
15-02-2019,10724.40039,1318.099976,66.6839447,3620.810791
19-02-2019,10604.34961,1340.099976,66.6682663,3947.094482
20-02-2019,10735.4502,1343.300049,66.25291443,3999.820557
21-02-2019,10789.84961,1323.5,66.31561279,3954.118164
22-02-2019,10791.65039,1329.199951,66.7074585,4005.526611
25-02-2019,10880.09961,1325.900024,66.18237305,3882.696289
26-02-2019,10835.2998,1325.099976,65.97863007,3854.35791
27-02-2019,10806.65039,1317.699951,65.64945984,3851.047363
28-02-2019,10792.5,1312.800049,65.82189178,3854.7854
01-03-2019,10863.5,1296.400024,65.61813354,3859.58374
05-03-2019,10987.4502,1282,66.09617615,3896.375
06-03-2019,11053,1284.900024,65.79055023,3903.942627
07-03-2019,11058.2002,1283.800049,65.64945984,3911.484375
08-03-2019,11035.40039,1297,65.71999359,3901.131592
11-03-2019,11168.0498,1288.800049,66.6839447,3905.227295
12-03-2019,11301.2002,1296.300049,66.98959351,3909.15625
13-03-2019,11341.7002,1307.5,67.31874847,3906.717285
14-03-2019,11343.25,1293.400024,67.42060852,3924.369141
15-03-2019,11426.84961,1301.800049,67.20902252,3960.911133
18-03-2019,11462.2002,1300.300049,66.87203217,4032.507324
19-03-2019,11532.40039,1305,66.6682663,4071.190186
20-03-2019,11521.0498,1300.5,66.87203217,4087.476318
22-03-2019,11456.90039,1311.599976,67.56950378,4023.968262
25-03-2019,11354.25,1321.900024,67.6557312,3963.070557
26-03-2019,11483.25,1314.300049,68.19647217,3985.080811
27-03-2019,11445.0498,1309.900024,68.0005188,4087.066162
28-03-2019,11570,1289.800049,68.6603775,4069.107178
01-04-2019,11669.15039,1288.400024,68.55779266,4158.183105
02-04-2019,11713.2002,1290,69.03924561,4879.87793
03-04-2019,11643.9502,1289.900024,68.96031189,4973.021973
04-04-2019,11598,1289,68.84981537,4922.798828
05-04-2019,11665.9502,1290.400024,69.33128357,5036.681152
08-04-2019,11604.5,1297.099976,68.94451904,5289.770996
09-04-2019,11671.9502,1303.5,68.58146667,5204.958496
10-04-2019,11584.2998,1309.099976,69.21287537,5324.551758
11-04-2019,11596.7002,1288.599976,69.16553497,5064.487793
12-04-2019,11643.4502,1290.599976,69.49702454,5089.539063
15-04-2019,11690.34961,1286.800049,69.14185333,5067.108398
16-04-2019,11787.15039,1272.599976,67.57905579,5235.55957
18-04-2019,11752.7998,1271.900024,67.47645569,5298.385742
22-04-2019,11594.4502,1273.5,66.73452759,5399.365234
23-04-2019,11575.9502,1269.300049,67.61851501,5572.362305
24-04-2019,11726.15039,1275.5,68.11576843,5464.866699
25-04-2019,11641.7998,1275.800049,67.97368622,5210.515625
26-04-2019,11754.65039,1284.900024,68.51041412,5279.348145
30-04-2019,11748.15039,1282.800049,68.48672485,5350.726563
02-05-2019,11724.75,1269.699951,68.61302185,5505.283691
03-05-2019,11712.25,1279.199951,69.19709015,5768.289551
06-05-2019,11598.25,1281.699951,68.97610474,5746.807129
07-05-2019,11497.90039,1283.5,67.72902679,5829.501465
08-05-2019,11359.4502,1279.400024,67.6579895,5982.45752
09-05-2019,11301.7998,1283.5,67.83163452,6174.528809
10-05-2019,11278.90039,1285.699951,68.55779266,6378.849121
13-05-2019,11148.2002,1300.099976,68.48672485,7814.915039
14-05-2019,11222.0498,1294.699951,68.73930359,7994.416016
15-05-2019,11157,1296.300049,69.2049942,8205.167969
16-05-2019,11257.09961,1285,69.48123932,7884.90918
17-05-2019,11407.15039,1274.5,69.34706879,7343.895508
20-05-2019,11828.25,1276.099976,68.3446579,7978.309082
21-05-2019,11709.09961,1272,68.92875671,7963.327637
22-05-2019,11737.90039,1273.599976,69.13396454,7680.066406
23-05-2019,11657.0498,1284.800049,69.29182434,7881.84668
24-05-2019,11844.09961,1283,69.50492096,7987.371582
28-05-2019,11928.75,1276.5,68.8182373,8719.961914
29-05-2019,11861.09961,1280.599976,67.90267944,8659.487305
30-05-2019,11945.90039,1287.099976,68.18680573,8319.472656
31-05-2019,11922.7998,1305.800049,68.58146667,8574.501953
03-06-2019,12088.5498,1322.699951,68.74720764,8208.995117
04-06-2019,12021.65039,1323.400024,68.43937683,7707.770996
06-06-2019,11843.75,1337.599976,70.00219727,7822.023438
07-06-2019,11870.65039,1341.199951,70.26263428,8043.951172
10-06-2019,11922.7002,1324.699951,70.03378296,8000.32959
11-06-2019,11965.59961,1326.400024,70.22318268,7927.714355
12-06-2019,11906.2002,1331.900024,70.45996857,8145.857422
13-06-2019,11914.0498,1339.199951,70.75989532,8230.923828
14-06-2019,11823.2998,1340.099976,70.79935455,8693.833008
17-06-2019,11672.15039,1338.699951,71.55708313,9320.352539
18-06-2019,11691.5,1346.599976,71.48604584,9081.762695
19-06-2019,11691.4502,1344.599976,71.87278748,9273.521484
20-06-2019,11831.75,1392.900024,72.2358551,9527.160156
21-06-2019,11724.09961,1396.199951,71.21768951,10144.55664
24-06-2019,11699.65039,1414.300049,70.9730072,11011.10254
25-06-2019,11796.4502,1414.900024,69.92324829,11790.91699
26-06-2019,11847.5498,1411.599976,68.5262146,13016.23145
27-06-2019,11841.5498,1408.400024,69.40834808,11182.80664
28-06-2019,11788.84961,1409.699951,69.64741516,12407.33203
01-07-2019,11865.59961,1385.599976,69.61555481,10583.13477
02-07-2019,11910.2998,1404.599976,70.82680511,10801.67773
03-07-2019,11916.75,1417.699951,71.67150879,11961.26953
05-07-2019,11811.15039,1396.699951,71.41651154,10978.45996
08-07-2019,11558.59961,1397,71.67150879,12285.95801
09-07-2019,11555.90039,1397.5,71.91054535,12573.8125
10-07-2019,11498.90039,1410.099976,72.32495117,12156.5127
11-07-2019,11582.90039,1404.300049,71.38461304,11358.66211
12-07-2019,11552.5,1409.900024,71.28898621,11815.98633
15-07-2019,11588.34961,1411.400024,71.23321533,10895.08984
16-07-2019,11662.59961,1409.199951,71.06585693,9477.641602
17-07-2019,11687.5,1421.300049,70.82680511,9693.802734
18-07-2019,11596.90039,1426.099976,70.82680511,10666.48242
19-07-2019,11419.25,1425.099976,69.67131042,10530.73242
22-07-2019,11346.2002,1425.300049,69.60757446,10343.10645
23-07-2019,11331.0498,1420.099976,70.39648438,9900.767578
24-07-2019,11271.2998,1422.800049,70.45226288,9811.925781
25-07-2019,11252.15039,1413.900024,70.0378952,9911.841797
26-07-2019,11284.2998,1418.5,70.35663605,9870.303711
29-07-2019,11189.2002,1419.599976,70.54789734,9519.145508
30-07-2019,11085.40039,1429.699951,71.11367798,9607.423828
31-07-2019,11118,1426.099976,70.83477783,10085.62793
01-08-2019,10980,1420.900024,70.83477783,10399.66895
02-08-2019,10997.34961,1445.599976,71.1774292,10518.1748
05-08-2019,10862.59961,1464.599976,69.77490997,11805.65332
06-08-2019,10948.25,1472.400024,70.54789734,11478.16895
07-08-2019,10855.5,1507.300049,71.23321533,11941.96875
08-08-2019,11032.4502,1497.699951,72.48432159,11966.40723
09-08-2019,11109.65039,1496.599976,72.39667511,11862.93652
13-08-2019,10925.84961,1502.199951,72.30899048,10895.83008
14-08-2019,11029.40039,1515.900024,71.20931244,10051.7041
16-08-2019,11047.7998,1512.5,72.65962982,10374.33887
19-08-2019,11053.90039,1500.400024,73.18557739,10916.05371
20-08-2019,11017,1504.599976,72.66760254,10763.23242
21-08-2019,10918.7002,1504.599976,72.97040558,10138.0498
22-08-2019,10741.34961,1497.300049,73.30509186,10131.05566
23-08-2019,10829.34961,1526.599976,72.2771225,10407.96484
26-08-2019,11057.84961,1526.300049,72.83496094,10370.82031
27-08-2019,11105.34961,1541,72.62776947,10185.5
28-08-2019,11046.09961,1537.800049,72.86681366,9754.422852
29-08-2019,10948.2998,1526.5,73.43260956,9510.200195
30-08-2019,11023.25,1519.099976,73.4883728,9598.173828
03-09-2019,10797.90039,1545.900024,74.22151947,10623.54004
04-09-2019,10844.65039,1550.300049,74.84308624,10594.49316
05-09-2019,10847.90039,1515.400024,74.30119324,10575.5332
06-09-2019,10946.2002,1506.199951,74.46854401,10353.30273
09-09-2019,11003.0498,1502.199951,74.10995483,10334.97461
11-09-2019,11035.7002,1494.400024,73.42464447,10178.37207
12-09-2019,10982.7998,1498.699951,73.81510162,10410.12695
13-09-2019,11075.90039,1490.900024,73.02619934,10360.54688
16-09-2019,11003.5,1503.099976,73.66370392,10276.79395
17-09-2019,10817.59961,1505.099976,74.46059418,10241.27246
18-09-2019,10840.65039,1507.5,74.20558929,10198.24805
19-09-2019,10704.7998,1498.400024,74.46854401,10266.41504
20-09-2019,11274.2002,1507.300049,74.46854401,10181.6416
23-09-2019,11600.2002,1523.699951,74.58807373,9729.324219
24-09-2019,11588.2002,1532.099976,74.42259216,8620.566406
25-09-2019,11440.2002,1504.599976,74.56720734,8486.993164
26-09-2019,11571.2002,1507.5,75.19374847,8118.967773
27-09-2019,11512.40039,1499.099976,74.77603912,8251.845703
30-09-2019,11474.4502,1465.699951,74.90455627,8293.868164
01-10-2019,11359.90039,1482,74.19769287,8343.276367
03-10-2019,11314,1507.099976,74.59931183,8259.992188
04-10-2019,11174.75,1506.199951,75.04915619,8205.939453
07-10-2019,11126.40039,1497.699951,74.8884964,8245.623047
09-10-2019,11313.2998,1506.099976,74.63948059,8595.740234
10-10-2019,11234.5498,1494.800049,74.75997925,8586.473633
11-10-2019,11305.0498,1482.699951,74.72783661,8321.756836
14-10-2019,11341.15039,1491.699951,74.75997925,8374.686523
15-10-2019,11428.2998,1477.599976,74.85637665,8205.369141
16-10-2019,11464,1488,74.86440277,8047.526855
17-10-2019,11586.34961,1492.300049,75.35440826,8103.911133
18-10-2019,11661.84961,1488.199951,75.93274689,7973.20752
22-10-2019,11588.34961,1481.699951,76.28619385,8078.203125
23-10-2019,11604.09961,1489.900024,76.45489502,7514.671875
24-10-2019,11582.59961,1498.900024,76.26208496,7493.48877
25-10-2019,11583.90039,1499.5,75.61145782,8660.700195
29-10-2019,11786.84961,1487,75.61145782,9427.6875
30-10-2019,11844.09961,1493.199951,75.88455963,9205.726563
31-10-2019,11877.4502,1511.400024,75.74799347,9199.584961
01-11-2019,11890.59961,1508,75.73194885,9261.104492
04-11-2019,11941.2998,1508,75.2017746,9412.612305
05-11-2019,11917.2002,1480.800049,73.92457581,9342.527344
06-11-2019,11966.0498,1490.199951,74.08522797,9360.879883
07-11-2019,12012.0498,1464.199951,73.34623718,9267.561523
08-11-2019,11908.15039,1461.300049,73.16950989,8804.880859
11-11-2019,11913.4502,1455.5,73.33016968,8757.788086
13-11-2019,11840.4502,1461.699951,73.44261932,8808.262695
14-11-2019,11872.09961,1471.800049,74.01294708,8708.094727
15-11-2019,11895.4502,1467.300049,74.41456604,8491.992188
18-11-2019,11884.5,1470.900024,74.77603912,8309.286133
19-11-2019,11940.09961,1473.300049,74.90455627,8206.145508
20-11-2019,11999.09961,1473.300049,74.86440277,8027.268066
21-11-2019,11968.40039,1463.099976,73.81212616,7642.75
22-11-2019,11914.40039,1463.099976,73.53902435,7296.577637
25-11-2019,12073.75,1456.599976,73.77196503,7146.133789
26-11-2019,12037.7002,1459.800049,74.75195313,7218.371094
27-11-2019,12100.7002,1453.400024,75.10538483,7531.663574
29-11-2019,12056.0498,1465.599976,74.75997925,7761.243652
02-12-2019,12048.2002,1462.300049,73.62738037,7321.988281
03-12-2019,11994.2002,1478.199951,74.10129547,7320.145508
04-12-2019,12043.2002,1474,74.40653229,7252.034668
05-12-2019,12018.40039,1476.900024,74.44671631,7448.307617
06-12-2019,11921.5,1459.099976,74.59931183,7546.996582
09-12-2019,11937.5,1459.300049,74.74391174,7400.899414
10-12-2019,11856.7998,1462.599976,74.31015015,7278.119629
11-12-2019,11910.15039,1469.400024,73.55506897,7217.427246
12-12-2019,11971.7998,1466.699951,72.55902863,7243.134277
13-12-2019,12086.7002,1475.599976,72.57510376,7269.68457
16-12-2019,12053.9502,1475,73.09721375,6932.480469
17-12-2019,12165,1474.599976,72.40641022,6640.515137
18-12-2019,12221.65039,1472.599976,73.2889328,7276.802734
19-12-2019,12259.7002,1478.199951,73.93845367,7202.844238
20-12-2019,12271.7998,1474.699951,74.34437561,7218.816406
23-12-2019,12262.75,1482.5,73.97090149,7355.628418
24-12-2019,12214.5498,1499.099976,74.16577148,7322.532227
26-12-2019,12126.5498,1509.300049,74.49051666,7238.966797
27-12-2019,12245.7998,1513.800049,74.72596741,7290.088379
30-12-2019,12255.84961,1514.5,74.79902649,7292.995117
31-12-2019,12168.4502,1519.5,75.33486938,7193.599121
02-01-2020,12282.2002,1524.5,74.44992828,6985.470215
03-01-2020,12226.65039,1549.199951,74.91269684,7344.884277
06-01-2020,11993.0498,1566.199951,75.00201416,7769.219238
07-01-2020,12052.9502,1571.800049,74.16577148,8163.692383
08-01-2020,12025.34961,1557.400024,74.39309692,8079.862793
09-01-2020,12215.90039,1551.699951,74.35251617,7879.071289
10-01-2020,12256.7998,1557.5,74.92081451,8166.554199
13-01-2020,12329.5498,1548.400024,75.82203674,8144.194336
14-01-2020,12362.2998,1542.400024,75.53784943,8827.764648
15-01-2020,12343.2998,1552.099976,76.21984863,8807.010742
16-01-2020,12355.5,1549,76.82875061,8723.786133
17-01-2020,12352.34961,1558.800049,76.90184021,8929.038086
21-01-2020,12169.84961,1556.400024,77.63252258,8745.894531
22-01-2020,12106.90039,1555.300049,77.11291504,8680.875977
23-01-2020,12180.34961,1564.599976,77.76242828,8406.515625
24-01-2020,12248.25,1571.099976,77.49449921,8445.43457
27-01-2020,12119,1576.800049,77.12103271,8909.819336
28-01-2020,12055.7998,1569.199951,77.42958069,9358.589844
29-01-2020,12129.5,1569.800049,77.14537048,9316.629883
30-01-2020,12035.7998,1583.5,77.20224762,9508.993164
31-01-2020,11962.09961,1582.900024,76.26045227,9350.529297
03-02-2020,11707.90039,1577.199951,76.51212311,9293.521484
04-02-2020,11979.65039,1550.400024,77.2996521,9180.962891
05-02-2020,12089.15039,1557.800049,77.34836578,9613.423828
06-02-2020,12137.9502,1565.099976,77.60816193,9729.801758
07-02-2020,12098.34961,1568.599976,77.59192657,9795.943359
10-02-2020,12031.5,1574.699951,78.46064758,9856.611328
11-02-2020,12107.90039,1565.599976,79.05332947,10208.23633
12-02-2020,12201.2002,1567.400024,79.52420807,10326.05469
13-02-2020,12174.65039,1575.099976,80.00322723,10214.37988
14-02-2020,12113.4502,1582.699951,80.83135223,10312.11621
18-02-2020,11992.5,1600,80.74204254,10141.99609
19-02-2020,12125.90039,1607.5,79.65412903,9633.386719
20-02-2020,12080.84961,1616.599976,80.60401154,9608.475586
24-02-2020,11829.40039,1672.400024,79.73531342,9650.174805
25-02-2020,11797.90039,1646.900024,77.57569122,9341.705078
26-02-2020,11678.5,1640,76.73944092,8820.522461
27-02-2020,11633.2998,1640,72.65566254,8784.494141
28-02-2020,11201.75,1564.099976,70.9019928,8672.455078
02-03-2020,11132.75,1592.300049,73.93032837,8869.669922
03-03-2020,11303.2998,1642.099976,73.75982666,8787.786133
04-03-2020,11251,1641.099976,76.54459381,8755.246094
05-03-2020,11269,1666.400024,74.90457153,9078.762695
06-03-2020,10989.4502,1670.800049,73.61368561,9122.545898
09-03-2020,10451.4502,1674.5,67.93862152,7923.644531
11-03-2020,10458.40039,1641.400024,66.55418396,7911.430176
12-03-2020,9590.150391,1589.300049,59.81202316,4970.788086
13-03-2020,9955.200195,1515.699951,65.03226471,5563.707031
16-03-2020,9197.400391,1485.900024,53.50353241,5014.47998
17-03-2020,8967.049805,1524.900024,56.59640503,5225.629395
18-03-2020,8468.799805,1477.300049,51.21250916,5238.438477
19-03-2020,8263.450195,1478.599976,51.39251709,6191.192871
20-03-2020,8745.450195,1484,48.83148575,6198.77832
23-03-2020,7610.25,1567,46.56501389,6416.314941
24-03-2020,7801.049805,1660.199951,50.75430679,6734.803711
25-03-2020,8317.849609,1632.300049,53.48717117,6681.062988
26-03-2020,8641.450195,1650.099976,57.25917435,6716.44043
27-03-2020,8660.25,1623.900024,57.31644821,6469.79834
30-03-2020,8281.099609,1622,58.56832504,6429.841797
31-03-2020,8597.75,1583.400024,57.15280914,6438.644531
01-04-2020,8253.799805,1578.199951,53.39717102,6606.776367
03-04-2020,8083.799805,1633.699951,52.79986191,6733.387207
07-04-2020,8792.200195,1664.800049,57.23462296,7176.414551
08-04-2020,8748.75,1665.400024,61.13754272,7334.098633
09-04-2020,9111.900391,1736.199951,64.56591034,7302.089355
13-04-2020,8993.849609,1744.800049,61.84939194,6845.037598
15-04-2020,8925.299805,1727.199951,61.06390381,6642.109863
16-04-2020,8992.799805,1720.400024,60.36841202,7116.804199
17-04-2020,9266.75,1689.199951,62.27487183,7096.18457
20-04-2020,9261.849609,1701.599976,59.95928955,6881.958496
21-04-2020,8981.450195,1678.199951,58.87107086,6880.323242
22-04-2020,9187.299805,1728.699951,59.77111435,7117.20752
23-04-2020,9313.900391,1733.300049,59.27199554,7429.724609
24-04-2020,9154.400391,1723.5,59.52564621,7550.900879
27-04-2020,9282.299805,1711.900024,61.56301498,7795.601074
28-04-2020,9380.900391,1710.5,62.07032013,7807.058594
29-04-2020,9553.349609,1703.400024,63.00309753,8801.038086
30-04-2020,9859.900391,1684.199951,62.27487183,8658.553711
04-05-2020,9293.5,1706.900024,59.87746811,8912.654297
05-05-2020,9205.599609,1704.400024,60.17205429,9003.070313
06-05-2020,9270.900391,1684.199951,59.09199524,9268.761719
07-05-2020,9199.049805,1721.800049,59.93475342,9951.518555
08-05-2020,9251.5,1709.900024,61.35845566,9842.666016
11-05-2020,9239.200195,1695.300049,60.46660233,8601.795898
12-05-2020,9196.549805,1704.400024,57.71737289,8804.477539
13-05-2020,9383.549805,1713.900024,56.31820297,9269.987305
14-05-2020,9142.75,1738.099976,56.51459122,9733.72168
15-05-2020,9136.849609,1753.400024,56.29367065,9328.197266
18-05-2020,8823.25,1731.800049,59.62383652,9726.575195
19-05-2020,8879.099609,1744.199951,58.82197571,9729.038086
20-05-2020,9066.549805,1750.599976,59.34563828,9522.981445
21-05-2020,9106.25,1720.5,59.39473724,9081.761719
22-05-2020,9039.25,1734.599976,60.19657898,9182.577148
26-05-2020,9029.049805,1704.800049,62.44668198,8835.052734
27-05-2020,9314.950195,1710.300049,63.69039154,9181.017578
28-05-2020,9490.099609,1713.300049,63.99313736,9525.750977
29-05-2020,9580.299805,1736.900024,63.35490799,9439.124023
01-06-2020,9826.150391,1737.800049,64.81954956,10167.26855
02-06-2020,9979.099609,1725.199951,65.34320831,9529.803711
03-06-2020,10061.5498,1697.800049,67.43786621,9656.717773
04-06-2020,10029.09961,1718.900024,66.766922,9800.636719
05-06-2020,10142.15039,1676.199951,69.29523468,9665.533203
08-06-2020,10167.4502,1698.300049,71.01347351,9771.489258
09-06-2020,10046.65039,1714.699951,69.83524323,9795.700195
10-06-2020,10116.15039,1713.300049,68.05968475,9870.094727
11-06-2020,9902,1732,63.69039154,9321.78125
12-06-2020,9972.900391,1729.300049,65.97323608,9480.84375
15-06-2020,9813.700195,1720.300049,66.90599823,9450.702148
16-06-2020,9914,1729.599976,68.22335815,9538.024414
17-06-2020,9881.150391,1729.199951,67.23330688,9480.254883
18-06-2020,10091.65039,1724.800049,66.49690247,9411.84082
19-06-2020,10244.40039,1745.900024,65.5313797,9288.018555
22-06-2020,10311.2002,1756.699951,65.46591949,9648.717773
23-06-2020,10471,1772.099976,65.19589996,9629.658203
24-06-2020,10305.2998,1765.800049,63.33856583,9313.610352
25-06-2020,10288.90039,1762.099976,64.14754486,9264.813477
26-06-2020,10383,1772.5,62.91629791,9162.917969
29-06-2020,10312.40039,1774.800049,64.1309967,9190.854492
30-06-2020,10302.09961,1793,64.89123535,9137.993164
01-07-2020,10430.0498,1773.199951,66.38684845,9228.325195
02-07-2020,10551.7002,1784,66.19681549,9123.410156
06-07-2020,10763.65039,1788.5,66.16376495,9375.474609
07-07-2020,10799.65039,1804.199951,64.84991455,9252.277344
08-07-2020,10705.75,1815.5,64.75900269,9428.333008
09-07-2020,10813.4502,1799.199951,64.35412598,9277.967773
10-07-2020,10768.0498,1798.199951,64.55244446,9278.807617
13-07-2020,10802.7002,1811,63.78395081,9243.614258
14-07-2020,10607.34961,1810.599976,64.32104492,9243.213867
15-07-2020,10618.2002,1811.400024,64.94907379,9192.836914
16-07-2020,10739.9502,1798.699951,64.1723175,9132.227539
17-07-2020,10901.7002,1808.300049,65.0069046,9151.392578
20-07-2020,11022.2002,1815.900024,64.2301712,9164.231445
21-07-2020,11162.25,1842.400024,64.38715363,9374.887695
22-07-2020,11132.59961,1864.099976,65.37050629,9525.363281
23-07-2020,11215.4502,1889.099976,65.09780121,9581.072266
24-07-2020,11194.15039,1897.300049,64.61854553,9536.892578
27-07-2020,11131.7998,1931,65.23003387,10990.87305
28-07-2020,11300.5498,1944.699951,66.52735901,10912.82324
29-07-2020,11202.84961,1953.5,67.81640625,11100.46777
30-07-2020,11102.15039,1942.300049,67.37844086,11111.21387
31-07-2020,11073.4502,1962.800049,67.2545166,11323.4668
03-08-2020,10891.59961,1966,66.36208344,11246.34863
04-08-2020,11095.25,2001.199951,67.35366821,11205.89258
05-08-2020,11101.65039,2031.099976,67.01486969,11747.02246
06-08-2020,11200.15039,2051.5,67.12229919,11779.77344
07-08-2020,11214.0498,2010.099976,68.08084106,11601.47266
10-08-2020,11270.15039,2024.400024,68.18826294,11878.11133
11-08-2020,11322.5,1932.599976,67.20491791,11410.52539
12-08-2020,11308.40039,1934.900024,67.88252258,11584.93457
13-08-2020,11300.4502,1956.699951,67.04793549,11784.1377
14-08-2020,11178.40039,1937,67.05620575,11768.87109
17-08-2020,11247.09961,1985,67.60154724,12254.40234
18-08-2020,11385.34961,1999.400024,67.27929688,11991.2334
19-08-2020,11408.40039,1958.699951,66.09765625,11758.2832
20-08-2020,11312.2002,1933.800049,66.72566986,11878.37207
21-08-2020,11371.59961,1934.599976,66.83306885,11592.48926
24-08-2020,11466.4502,1927.699951,67.26277924,11774.5957
25-08-2020,11472.25,1911.800049,67.43630981,11366.13477
26-08-2020,11549.59961,1940.699951,66.81654358,11488.36328
27-08-2020,11559.25,1921.599976,67.79988861,11323.39746
28-08-2020,11647.59961,1964.599976,68.24608612,11542.5
31-08-2020,11387.5,1967.599976,67.55200195,11680.82031
01-09-2020,11470.25,1968.199951,67.60154724,11970.47852
02-09-2020,11535,1934.400024,68.85758209,11414.03418
03-09-2020,11527.4502,1927.599976,68.03127289,10245.29688
04-09-2020,11333.84961,1923.900024,67.67594147,10511.81348
08-09-2020,11317.34961,1933,66.84962463,10131.5166
09-09-2020,11278,1944.699951,67.51065826,10242.34766
10-09-2020,11449.25,1954.199951,66.68434143,10363.13867
11-09-2020,11464.4502,1937.800049,66.3125,10400.91504
14-09-2020,11440.0498,1953.099976,67.93209076,10680.83789
15-09-2020,11521.7998,1956.300049,68.75016022,10796.95117
16-09-2020,11604.5498,1960.199951,69.11373138,10974.90527
17-09-2020,11516.09961,1940,67.76682281,10948.99023
18-09-2020,11504.9502,1952.099976,66.23813629,10944.58594
21-09-2020,11250.5498,1901.199951,64.24669647,10462.25977
22-09-2020,11153.65039,1898.599976,65.0151825,10538.45996
23-09-2020,11131.84961,1859.900024,63.05677414,10246.18652
24-09-2020,10805.5498,1868.300049,63.39557266,10760.06641
25-09-2020,11050.25,1857.699951,64.70294952,10692.7168
28-09-2020,11227.5498,1872.800049,66.02700043,10709.65234
29-09-2020,11222.40039,1894.300049,65.55232239,10844.64063
30-09-2020,11247.5498,1887.5,65.75218964,10784.49121
01-10-2020,11416.9502,1908.400024,67.06790924,10619.45215
05-10-2020,11503.34961,1912.5,68.61679077,10793.33984
06-10-2020,11662.40039,1901.099976,68.16712189,10604.40625
07-10-2020,11738.84961,1883.599976,68.26703644,10668.96875
08-10-2020,11834.59961,1888.599976,69.40788269,10915.68555
09-10-2020,11914.2002,1919.5,69.1330719,11064.45801
12-10-2020,11930.9502,1922.5,69.45783997,11555.36328
13-10-2020,11934.5,1888.5,68.26703644,11425.89941
14-10-2020,11971.0498,1901.300049,67.43431091,11429.50684
15-10-2020,11680.34961,1903.199951,67.78404236,11495.34961
16-10-2020,11762.4502,1900.800049,67.3010788,11322.12305
19-10-2020,11873.0498,1906.400024,66.25183105,11742.03711
20-10-2020,11896.7998,1910.400024,66.72649384,11916.33496
21-10-2020,11937.65039,1924.599976,66.52662659,12823.68945
22-10-2020,11896.4502,1901.099976,66.51829529,12965.8916
23-10-2020,11930.34961,1902,66.91801453,12931.53906
26-10-2020,11767.75,1902.699951,65.96037292,13075.24805
27-10-2020,11889.40039,1908.800049,64.9028244,13654.21875
28-10-2020,11729.59961,1876.199951,63.35394287,13271.28516
29-10-2020,11670.7998,1865.599976,64.20333099,13437.88281
30-10-2020,11642.40039,1877.400024,63.77861786,13546.52246
02-11-2020,11669.15039,1890.400024,65.30253601,13550.48926
03-11-2020,11813.5,1908.5,66.55994415,13950.30078
04-11-2020,11908.5,1894.599976,66.67653656,14133.70703
05-11-2020,12120.2998,1945.300049,66.99295807,15579.84863
06-11-2020,12263.5498,1950.300049,66.53497314,15565.88086
09-11-2020,12461.0498,1853.199951,68.8915863,15332.31543
10-11-2020,12631.09961,1875.400024,69.89918518,15290.90234
11-11-2020,12749.15039,1860.699951,70.1656723,15701.33984
12-11-2020,12690.7998,1872.599976,69.24966431,16276.34375
13-11-2020,12719.9502,1885.699951,71.09830475,16317.80859
17-11-2020,12874.2002,1884.5,71.96435547,17645.40625
18-11-2020,12938.25,1873.5,70.56536102,17804.00586
19-11-2020,12771.7002,1861.099976,70.84016418,17817.08984
20-11-2020,12859.0498,1872.599976,70.45711517,18621.31445
23-11-2020,12926.4502,1837.800049,70.59033203,18364.12109
24-11-2020,13055.15039,1804.800049,70.96507263,19107.46484
25-11-2020,12858.40039,1805.699951,71.00670624,18732.12109
27-11-2020,12968.9502,1781.900024,70.6902771,17108.40234
01-12-2020,13109.0498,1814.099976,70.84848785,18802.99805
02-12-2020,13113.75,1825.699951,70.29057312,19201.0918
03-12-2020,13133.90039,1836.800049,70.88182068,19445.39844
04-12-2020,13258.5498,1835.900024,71.96435547,18699.76563
07-12-2020,13355.75,1861.800049,71.3398056,19191.63086
08-12-2020,13392.9502,1870.800049,71.08998871,18321.14453
09-12-2020,13529.09961,1834.599976,70.64862823,18553.91602
10-12-2020,13478.2998,1833.599976,70.34054565,18264.99219
11-12-2020,13513.84961,1839.800049,70.27391052,18058.9043
14-12-2020,13558.15039,1828.699951,69.96580505,19246.64453
15-12-2020,13567.84961,1852.300049,71.39810181,19417.07617
16-12-2020,13682.7002,1856.099976,71.48136902,21310.59766
17-12-2020,13740.7002,1887.199951,72.17253113,22805.16211
18-12-2020,13760.5498,1885.699951,70.72359467,23137.96094
21-12-2020,13328.40039,1879.199951,70.32387543,22803.08203
22-12-2020,13466.2998,1866.599976,70.81517029,23783.0293
23-12-2020,13601.09961,1874.699951,70.35717773,23241.3457
24-12-2020,13749.25,1879.900024,70.97315979,23735.94922
28-12-2020,13873.2002,1877.199951,71.39622498,27084.80859
29-12-2020,13932.59961,1879.699951,70.78701782,27362.4375
30-12-2020,13981.9502,1891,71.17624664,28840.95313
31-12-2020,13981.75,1893.099976,71.86161041,29001.7207
04-01-2021,14132.90039,1944.699951,69.52629089,31971.91406
05-01-2021,14199.5,1952.699951,69.62783813,33992.42969
06-01-2021,14146.25,1906.900024,69.74627686,36824.36328
07-01-2021,14137.34961,1912.300049,69.61090851,39371.04297
08-01-2021,14347.25,1834.099976,70.28781128,40797.60938
11-01-2021,14484.75,1849.599976,69.35706329,35566.65625
12-01-2021,14563.4502,1842.900024,69.51782227,33922.96094
13-01-2021,14564.84961,1853.599976,70.3639679,37316.35938
14-01-2021,14595.59961,1850.300049,70.77855682,39187.32813
15-01-2021,14433.7002,1829.300049,71.59083557,36825.36719
19-01-2021,14521.15039,1839.5,71.38774872,36069.80469
20-01-2021,14644.7002,1865.900024,72.75003052,35547.75
21-01-2021,14590.34961,1865.300049,72.40312195,30825.69922
25-01-2021,14238.90039,1854.900024,73.12232208,32366.39258
27-01-2021,13967.5,1844.900024,72.33542633,30432.54688
28-01-2021,13817.5498,1837.900024,72.72463989,33466.09766
29-01-2021,13634.59961,1847.300049,71.88697815,34316.38672
01-02-2021,14281.2002,1860.800049,73.52846527,33537.17578
02-02-2021,14647.84961,1830.5,73.96844482,35510.28906
03-02-2021,14789.9502,1832.199951,73.78231049,37472.08984
04-02-2021,14895.65039,1788.900024,74.29000854,36926.06641
05-02-2021,14924.25,1810.900024,74.55229187,38144.30859
08-02-2021,15115.7998,1831.900024,74.95841217,46196.46484
09-02-2021,15109.2998,1835.300049,75.22072601,46481.10547
10-02-2021,15106.5,1840.599976,75.62687683,44918.18359
11-02-2021,15173.2998,1824.900024,75.78762817,47909.33203
12-02-2021,15163.2998,1821.599976,75.80454254,47504.85156
16-02-2021,15313.4502,1797.199951,75.22072601,49199.87109
18-02-2021,15118.9502,1773.400024,74.80612183,51679.79688
19-02-2021,14981.75,1775.800049,75.23764038,55888.13281
22-02-2021,14675.7002,1806.699951,75.86376953,54207.32031
23-02-2021,14707.7998,1804.400024,76.33761597,48824.42578
24-02-2021,14982,1796.400024,76.92142487,49705.33203
25-02-2021,15097.34961,1774.400024,75.4491806,47093.85156
26-02-2021,14529.15039,1728.099976,74.34922028,46339.76172
01-03-2021,14761.5498,1722.5,74.67919922,49631.24219
02-03-2021,14919.09961,1733.099976,73.95999146,48378.98828
03-03-2021,15245.59961,1715.300049,73.5369339,50538.24219
04-03-2021,15080.75,1700.199951,72.69926453,48561.16797
05-03-2021,14938.09961,1698,73.49462128,48927.30469
08-03-2021,14956.2002,1677.699951,74.12922668,52246.52344
09-03-2021,15098.40039,1716.599976,74.61997986,54824.11719
10-03-2021,15174.7998,1721.5,75.36456299,56008.55078
12-03-2021,15030.9502,1719.5,77.52220154,57332.08984
15-03-2021,14929.5,1728.900024,78.67293549,55907.19922
16-03-2021,14910.4502,1730.599976,78.35137939,56804.90234
17-03-2021,14721.2998,1726.800049,78.41909027,58870.89453
18-03-2021,14557.84961,1732.199951,77.62371826,57858.92188
19-03-2021,14744,1741.400024,76.5660553,58346.65234
22-03-2021,14736.40039,1737.800049,77.10760498,54529.14453
23-03-2021,14814.75,1724.699951,76.99758911,54738.94531
24-03-2021,14549.40039,1732.900024,76.5660553,52774.26563
25-03-2021,14324.90039,1724.900024,77.34564972,51704.16016
26-03-2021,14507.2998,1732.199951,79.01374817,55137.3125
30-03-2021,14845.09961,1683.900024,78.65630341,58917.69141
31-03-2021,14690.7002,1713.800049,78.17970276,58918.83203
01-04-2021,14867.34961,1726.5,79.60099792,59095.80859
05-04-2021,14637.7998,1727,79.90738678,59057.87891
06-04-2021,14683.5,1741.5,80.11164093,58192.35938
07-04-2021,14819.0498,1740.099976,80.17121887,56048.9375
08-04-2021,14873.7998,1756.800049,79.87333679,58323.95313
09-04-2021,14834.84961,1743.300049,79.77971649,58245.00391
12-04-2021,14310.7998,1731.199951,80.24782562,59893.45313
13-04-2021,14504.7998,1746.199951,80.64784241,63503.45703
15-04-2021,14581.4502,1765.400024,81.62657166,63314.01172
16-04-2021,14617.84961,1779,81.80529022,61572.78906
19-04-2021,14359.4502,1769.400024,81.96699524,55724.26563
20-04-2021,14296.40039,1777.300049,82.639328,56473.03125
22-04-2021,14406.15039,1781.199951,82.7329483,51762.27344
23-04-2021,14341.34961,1777,83.21806335,51093.65234
26-04-2021,14485,1779.199951,83.4648819,54021.75391
27-04-2021,14653.0498,1778,83.45637512,55033.11719
28-04-2021,14864.5498,1773.199951,83.27764893,54824.70313
29-04-2021,14894.90039,1768.099976,83.99255371,53555.10938
30-04-2021,14631.09961,1767.300049,84.32445526,57750.17578
03-05-2021,14634.15039,1791.400024,84.16275787,57200.29297
04-05-2021,14496.5,1775.800049,83.61808014,53333.53906
06-05-2021,14724.7998,1815.5,82.6904068,56396.51563
07-05-2021,14823.15039,1831.099976,83.77978516,57356.40234
10-05-2021,14942.34961,1837.5,83.75424194,55859.79688
12-05-2021,14696.5,1822.599976,80.60526276,49150.53516
14-05-2021,14677.7998,1837.900024,82.62232208,49880.53516
17-05-2021,14923.15039,1867.5,82.70742798,43537.51172
18-05-2021,15108.09961,1867.800049,82.7244339,42909.40234
19-05-2021,15030.15039,1881.300049,82.46060181,37002.44141
21-05-2021,15175.2998,1876.699951,83.30315399,37304.69141
24-05-2021,15197.7002,1884.599976,84.34147644,38705.98047
26-05-2021,15301.4502,1901.300049,84.69042206,39294.19922
27-05-2021,15337.84961,1895.699951,84.49468231,38436.96875
28-05-2021,15435.65039,1902.5,85.00531006,35697.60547
01-06-2021,15574.84961,1902.900024,86.53725433,36684.92578
02-06-2021,15576.2002,1907.5,87.5500412,37575.17969
03-06-2021,15690.34961,1871.199951,87.22663879,39208.76563
04-06-2021,15670.25,1889.800049,87.2691803,36894.40625
07-06-2021,15751.65039,1896.800049,88.29898071,33560.70703
08-06-2021,15740.09961,1892.199951,89.03091431,33472.63281
09-06-2021,15635.34961,1893.199951,89.15005493,37345.12109
10-06-2021,15737.75,1894.199951,89.78836823,36702.59766
11-06-2021,15799.34961,1877.400024,89.43091583,37334.39844
14-06-2021,15811.84961,1864,89.77983856,40218.47656
15-06-2021,15869.25,1854.5,88.81814575,40406.26953
16-06-2021,15767.5498,1859.5,88.2394104,38347.0625
17-06-2021,15691.40039,1773.800049,88.12876129,38053.50391
18-06-2021,15683.34961,1767.900024,86.63087463,35787.24609
21-06-2021,15746.5,1781.800049,88.4181366,31676.69336
22-06-2021,15772.75,1776.300049,87.9585495,32505.66016
23-06-2021,15686.9502,1782.300049,87.80535889,33723.02734
24-06-2021,15790.4502,1775.599976,87.61592865,34662.4375
25-06-2021,15860.34961,1776.599976,88.20735168,31637.7793
28-06-2021,15814.7002,1779.599976,87.95021057,34434.33594
29-06-2021,15748.4502,1762.800049,87.71022797,35867.77734
30-06-2021,15721.5,1770.800049,87.24738312,35040.83594
01-07-2021,15680,1775.900024,87.62451172,33572.11719
02-07-2021,15722.2002,1782.599976,87.89022064,33897.04688
06-07-2021,15818.25,1793.5,88.53305817,34235.19531
07-07-2021,15879.65039,1801.5,88.84163666,33855.32813
08-07-2021,15727.90039,1799.599976,88.59305573,32877.37109
09-07-2021,15689.7998,1810,90.0501709,33798.01172
12-07-2021,15692.59961,1805.5,90.8216095,33155.84766
13-07-2021,15812.34961,1809.400024,89.55303955,32702.02539
14-07-2021,15853.9502,1824.300049,90.17874908,32822.34766
15-07-2021,15924.2002,1828.400024,90.32447815,31780.73047
16-07-2021,15923.40039,1814.5,90.2644577,31421.53906
19-07-2021,15752.40039,1808.699951,88.61876678,30817.83203
20-07-2021,15632.09961,1810.900024,90.71018982,29807.34766
22-07-2021,15824.0498,1805,89.98161316,32313.10547
23-07-2021,15856.0498,1801.400024,90.72731018,33581.55078
26-07-2021,15824.4502,1798.699951,90.77017212,37337.53516
27-07-2021,15746.4502,1799.5,91.28446198,39406.94141
28-07-2021,15709.40039,1799.5,90.9673233,39995.90625
29-07-2021,15778.4502,1831.199951,90.98445892,40008.42188
30-07-2021,15763.0498,1812.599976,91.10445404,42235.54688
02-08-2021,15885.15039,1818.099976,90.90731812,39201.94531
03-08-2021,16130.75,1810.099976,91.01873779,38152.98047
04-08-2021,16258.7998,1810.5,90.73587799,39747.50391
05-08-2021,16294.59961,1805.099976,91.79873657,40869.55469
06-08-2021,16238.2002,1760,91.63588715,42816.5
09-08-2021,16258.25,1723.400024,91.14730072,46365.40234
10-08-2021,16280.09961,1728.800049,90.28161621,45585.03125
11-08-2021,16282.25,1750.400024,90.81302643,45593.63672
12-08-2021,16364.40039,1749,91.01016998,44428.28906
13-08-2021,16529.09961,1775.199951,91.50731659,47793.32031
16-08-2021,16563.05078,1786.900024,91.39587402,46004.48438
17-08-2021,16614.59961,1785,91.30158234,44695.35938
18-08-2021,16568.84961,1781.599976,90.47018433,44801.1875
20-08-2021,16450.5,1781,91.36158752,49339.17578
23-08-2021,16496.44922,1803.199951,91.19015503,49546.14844
24-08-2021,16624.59961,1805.599976,90.78730011,47706.11719
25-08-2021,16634.65039,1788.199951,90.72731018,48960.78906
26-08-2021,16636.90039,1792.199951,90.76159668,46942.21875
27-08-2021,16705.19922,1816.599976,91.71302032,49058.66797
30-08-2021,16931.05078,1809,92.63015747,47054.98438
31-08-2021,17132.19922,1815,93.06729126,47166.6875
01-09-2021,17076.25,1813.099976,94.55869293,48847.02734
02-09-2021,17234.15039,1808.699951,95.05583954,49327.72266
03-09-2021,17323.59961,1830.900024,95.07296753,50025.375
07-09-2021,17362.09961,1795.900024,94.00157166,46811.12891
08-09-2021,17353.5,1790.699951,94.47298431,46091.39063
09-09-2021,17369.25,1797.400024,92.55300903,46391.42188
13-09-2021,17355.30078,1792,91.81587982,44963.07422
14-09-2021,17380,1804.699951,91.65302277,47092.49219
15-09-2021,17519.44922,1792.400024,91.94444275,48176.34766
16-09-2021,17629.5,1754.599976,92.02159882,47783.35938
17-09-2021,17585.15039,1749.400024,91.19874573,47267.51953
20-09-2021,17396.90039,1761.800049,90.64160156,42843.80078
21-09-2021,17562,1776,90.6844635,40693.67578
22-09-2021,17546.65039,1776.699951,91.56730652,43574.50781
23-09-2021,17822.94922,1747.699951,91.38731384,44895.09766
24-09-2021,17853.19922,1749.699951,90.41014862,42839.75
27-09-2021,17855.09961,1750,89.19410706,42235.73047
28-09-2021,17748.59961,1735.800049,88.5904007,41034.54297
29-09-2021,17711.30078,1721.5,89.2544632,41564.36328
30-09-2021,17618.15039,1755.300049,87.77968597,43790.89453
01-10-2021,17532.05078,1757,89.02159882,48116.94141
04-10-2021,17691.25,1766.199951,89.03886414,49112.90234
05-10-2021,17822.30078,1759.599976,88.42653656,51514.8125
06-10-2021,17646,1760.5,89.27172852,55361.44922
07-10-2021,17790.34961,1757.900024,89.51322174,53805.98438
08-10-2021,17895.19922,1756.300049,88.6680069,53967.84766
11-10-2021,17945.94922,1754.599976,88.89225769,57484.78906
12-10-2021,17991.94922,1758.300049,90.05653381,56041.05859
13-10-2021,18161.75,1793.699951,90.71200562,57401.09766
14-10-2021,18338.55078,1796.699951,91.81594849,57321.52344
18-10-2021,18477.05078,1764.800049,91.97979736,62026.07813
19-10-2021,18418.75,1769.699951,92.02292633,64261.99219
20-10-2021,18266.59961,1784.099976,93.4718399,65992.83594
21-10-2021,18178.09961,1781.199951,93.60120392,62210.17188
22-10-2021,18114.90039,1795.5,94.04104614,60692.26563
25-10-2021,18125.40039,1806,94.34289551,63039.82422
26-10-2021,18268.40039,1792.699951,94.60164642,60363.79297
27-10-2021,18210.94922,1797.900024,93.79957581,58482.38672
28-10-2021,17857.25,1801.599976,95.11048126,60622.13672
29-10-2021,17671.65039,1783,94.04104614,62227.96484
01-11-2021,17929.65039,1795.099976,94.50676727,61004.40625
02-11-2021,17888.94922,1788.699951,94.95523834,63226.40234
03-11-2021,17829.19922,1763.599976,95.27436066,62970.04688
04-11-2021,17916.80078,1793,94.36876678,61452.23047
08-11-2021,18068.55078,1827.400024,94.77411652,67566.82813
09-11-2021,18044.25,1830.199951,94.93801117,66971.82813
10-11-2021,18017.19922,1847.599976,94.49814606,64995.23047
11-11-2021,17873.59961,1863.199951,94.65338135,64949.96094
12-11-2021,18102.75,1867.900024,94.58440399,64155.94141
15-11-2021,18109.44922,1866.099976,95.24848175,63557.87109
16-11-2021,17999.19922,1853.599976,94.61888885,60161.24609
17-11-2021,17898.65039,1869.699951,94.91212463,60368.01172
18-11-2021,17764.80078,1861,94.92938232,56942.13672
22-11-2021,17416.55078,1806,93.90305328,56289.28906
23-11-2021,17503.34961,1783.5,94.66202545,57569.07422
24-11-2021,17415.05078,1784.099976,95.80904388,56280.42578
26-11-2021,17026.44922,1785.300049,93.14408875,53569.76563
29-11-2021,17053.94922,1782.300049,93.83406067,57806.56641
30-11-2021,16983.19922,1773.599976,92.05741882,57005.42578
01-12-2021,17166.90039,1781.599976,90.53952789,57229.82813
02-12-2021,17401.65039,1760.699951,93.25622559,56477.81641
03-12-2021,17196.69922,1782,92.94574738,53598.24609
06-12-2021,16912.25,1777.5,94.57576752,50582.625
07-12-2021,17176.69922,1782.599976,95.93843079,50700.08594
08-12-2021,17469.75,1783.400024,96.62838745,50504.79688
09-12-2021,17516.84961,1774.599976,95.23121643,47672.12109
10-12-2021,17511.30078,1782.900024,95.52445221,47243.30469
13-12-2021,17368.25,1786.300049,96.42140198,46737.48047
14-12-2021,17324.90039,1770.400024,95.18809509,46612.63281
15-12-2021,17221.40039,1762.599976,96.52489471,48896.72266
16-12-2021,17248.40039,1796.599976,96.49038696,47665.42578
17-12-2021,16985.19922,1803.800049,96.36965179,46202.14453
20-12-2021,16614.19922,1793.699951,95.61933136,46880.27734
21-12-2021,16770.84961,1787.900024,96.69738007,48936.61328
22-12-2021,16955.44922,1801.599976,97.68920898,48628.51172
23-12-2021,17072.59961,1811.199951,97.58571625,50784.53906
27-12-2021,17086.25,1808.099976,99.24234009,50640.41797
28-12-2021,17233.25,1810.199951,99.60797119,47588.85547
29-12-2021,17213.59961,1805.099976,100.2782974,46444.71094
30-12-2021,17203.94922,1812.699951,100.7135849,47178.125
31-12-2021,17354.05078,1827.5,100.9921646,46306.44531
03-01-2022,17625.69922,1799.400024,100.1999588,46458.11719
04-01-2022,17805.25,1814,100.0780869,45897.57422
05-01-2022,17925.25,1824.599976,97.21398163,43569.00391
06-01-2022,17745.90039,1788.699951,97.30102539,43160.92969
07-01-2022,17812.69922,1797,96.6568222,41557.90234
10-01-2022,18003.30078,1798.400024,96.09967804,41821.26172
11-01-2022,18055.75,1818.599976,96.24767303,42735.85547
12-01-2022,18212.34961,1827.199951,96.36083984,43949.10156
13-01-2022,18257.80078,1821.199951,96.16932678,42591.57031
14-01-2022,18255.75,1816.5,95.29876709,43099.69922
18-01-2022,18113.05078,1812.300049,94.29764557,42375.63281
19-01-2022,17938.40039,1843.099976,93.0266571,41744.32813
20-01-2022,17757,1842.5,91.83400726,40680.41797
21-01-2022,17617.15039,1831.800049,91.60765839,36457.31641
24-01-2022,17149.09961,1841.699951,91.78177643,36654.32813
25-01-2022,17277.94922,1852.699951,91.41615295,36954.00391
27-01-2022,17110.15039,1793.300049,88.49980927,37138.23438
28-01-2022,17101.94922,1784.900024,91.36389923,37784.33203
31-01-2022,17339.84961,1795,92.48690033,38483.125
01-02-2022,17576.84961,1800.300049,92.15609741,38743.27344
02-02-2022,17780,1809.199951,93.33133698,36952.98438
03-02-2022,17560.19922,1803,92.33891296,37154.60156
04-02-2022,17516.30078,1806.599976,91.42482758,41500.875
07-02-2022,17213.59961,1820.599976,91.29426575,43840.28516
08-02-2022,17266.75,1826.599976,90.86769104,44118.44531
09-02-2022,17463.80078,1835.199951,92.92218781,44338.79688
10-02-2022,17605.84961,1836.199951,90.72840118,43565.11328
11-02-2022,17374.75,1840.800049,89.90139008,42407.9375
14-02-2022,16842.80078,1868,89.08306885,42586.91797
15-02-2022,17352.44922,1854.800049,89.8839798,44575.20313
16-02-2022,17322.19922,1870.199951,90.30184174,43961.85938
17-02-2022,17304.59961,1900.699951,89.34424591,40538.01172
18-02-2022,17276.30078,1898.599976,88.80447388,40030.97656
22-02-2022,17092.19922,1906.099976,88.48239899,38286.02734
23-02-2022,17063.25,1909.199951,87.01986694,37296.57031
24-02-2022,16247.9502,1925.099976,88.48239899,38332.60938
25-02-2022,16658.40039,1886.5,90.61522675,39214.21875
28-02-2022,16793.90039,1899.400024,89.26589203,43193.23438
02-03-2022,16605.94922,1920.900024,90.45854187,43924.11719
03-03-2022,16498.05078,1934.400024,91.19850159,42451.78906
04-03-2022,16245.34961,1965.099976,91.61636353,39137.60547
07-03-2022,15863.15039,1993.900024,89.80562592,38062.03906
08-03-2022,16013.4502,2040.099976,89.3703537,38737.26953
09-03-2022,16345.34961,1985.900024,90.74582672,41982.92578
10-03-2022,16594.90039,1998.099976,90.97216034,39437.46094
11-03-2022,16630.44922,1982.699951,90.24961853,38794.97266
14-03-2022,16871.30078,1959.599976,89.54446411,39666.75391
15-03-2022,16663,1928.5,90.14513397,39338.78516
16-03-2022,16975.34961,1908,91.21591187,41143.92969
17-03-2022,17287.05078,1942.099976,92.62619781,40951.37891
21-03-2022,17117.59961,1928.599976,92.06034088,41077.99609
22-03-2022,17315.5,1920.699951,92.29537964,42358.80859
23-03-2022,17245.65039,1936.599976,91.25990295,42892.95703
24-03-2022,17222.75,1961.599976,91.83760834,43960.93359
25-03-2022,17153,1953.800049,92.98426819,44348.73047
28-03-2022,17222,1939.599976,93.97336578,47128.00391
29-03-2022,17325.30078,1912,96.73059845,47465.73047
30-03-2022,17498.25,1933.5,96.0303421,47062.66406
31-03-2022,17464.75,1949.199951,94.8574295,45538.67578
01-04-2022,17670.44922,1919.099976,96.7043457,46281.64453
04-04-2022,18053.40039,1929.199951,96.23168945,46622.67578
05-04-2022,17957.40039,1922.900024,95.75901031,45555.99219
06-04-2022,17807.65039,1918.400024,96.89689636,43206.73828
07-04-2022,17639.55078,1933.800049,95.93405914,43503.84766
08-04-2022,17784.34961,1941.599976,96.09160614,42287.66406
11-04-2022,17674.94922,1944.300049,95.05873108,39521.90234
12-04-2022,17530.30078,1972.099976,94.91869354,40127.18359
13-04-2022,17475.65039,1981,95.59267426,41166.73047
18-04-2022,17173.65039,1982.900024,94.79615784,40826.21484
19-04-2022,16958.65039,1955.699951,96.8618927,41502.75
20-04-2022,17136.55078,1952.300049,98.47245789,41374.37891
21-04-2022,17392.59961,1944.900024,97.78971863,40527.36328
22-04-2022,17171.94922,1931,96.07411194,39740.32031
25-04-2022,16953.94922,1893.199951,95.82901764,40458.30859
26-04-2022,17200.80078,1901.400024,94.25344849,38117.46094
27-04-2022,17038.40039,1885.900024,93.63199615,39241.12109
28-04-2022,17245.05078,1888.699951,95.35635376,39773.82813
29-04-2022,17102.55078,1909.300049,90.97980499,38609.82422
02-05-2022,17069.09961,1861.800049,88.78276825,38529.32813
04-05-2022,16677.59961,1867,90.9185257,39698.37109
05-05-2022,16682.65039,1874,88.49391937,36575.14063
06-05-2022,16411.25,1881.199951,87.44355011,36040.92188
09-05-2022,16301.84961,1857.099976,83.59217834,30296.95313
10-05-2022,16240.0498,1839.900024,82.0691452,31022.90625
11-05-2022,16167.09961,1852.599976,81.89408112,28936.35547
12-05-2022,15808,1823.800049,82.53305817,29047.75195
13-05-2022,15782.15039,1807.400024,84.71255493,29283.10352
16-05-2022,15842.2998,1813.5,84.17863464,29862.91797
17-05-2022,16259.2998,1818.199951,85.32529449,30425.85742
18-05-2022,16240.2998,1815.900024,82.84815979,28720.27148
19-05-2022,15809.40039,1841.199951,82.48052979,30314.33398
20-05-2022,16266.15039,1841.800049,83.00571442,29200.74023
23-05-2022,16214.7002,1847.800049,83.96855164,29098.91016
24-05-2022,16125.15039,1865.099976,84.67757416,29655.58594
25-05-2022,16025.7998,1846.199951,85.39530945,29562.36133
26-05-2022,16170.15039,1847.400024,85.50035095,29267.22461
27-05-2022,16352.4502,1851.300049,87.79367828,28627.57422
31-05-2022,16584.55078,1842.699951,86.71703339,31792.31055
01-06-2022,16522.75,1843.300049,85.9992981,29799.08008
02-06-2022,16628,1866.5,87.18093109,30467.48828
03-06-2022,16584.30078,1845.400024,86.01676941,29704.39063
06-06-2022,16569.55078,1839.199951,85.74544525,31370.67188
07-06-2022,16416.34961,1847.5,86.92710876,31155.47852
08-06-2022,16356.25,1851.900024,84.92266083,30214.35547
09-06-2022,16478.09961,1848.800049,82.90943909,30111.99805
10-06-2022,16201.7998,1871.5,81.07129669,29083.80469
13-06-2022,15774.40039,1828,77.01860046,22487.38867
14-06-2022,15732.09961,1809.5,76.43212891,22206.79297
15-06-2022,15692.15039,1815.300049,78.24401855,22572.83984
16-06-2022,15360.59961,1845.699951,76.18703461,20381.65039
17-06-2022,15293.5,1835.599976,76.76474762,20471.48242
21-06-2022,15638.7998,1834.599976,77.83261871,20710.59766
22-06-2022,15413.2998,1834.300049,78.82174683,19987.0293
23-06-2022,15556.65039,1825.699951,80.31924438,21085.87695
24-06-2022,15699.25,1826.5,82.02815247,21231.65625
27-06-2022,15832.0498,1820.900024,81.90483856,20735.47852
28-06-2022,15850.2002,1817.5,80.90943146,20280.63477
29-06-2022,15799.09961,1813.699951,80.40733337,20104.02344
30-06-2022,15780.25,1804.099976,80.25757599,19784.72656
01-07-2022,15752.0498,1798.900024,81.70224762,19269.36719
05-07-2022,15810.84961,1761.800049,81.47320557,20190.11523
06-07-2022,15989.7998,1734.900024,81.32344818,20548.24609
07-07-2022,16132.90039,1737.900024,81.54367828,21637.58789
08-07-2022,16220.59961,1740.599976,81.11204529,21731.11719
11-07-2022,16216,1730,80.93584442,19970.55664
12-07-2022,16058.2998,1723.300049,80.61873627,19323.91406
13-07-2022,15966.65039,1734.199951,80.23116302,20212.07422
14-07-2022,15938.65039,1704.5,79.50883484,20569.91992
15-07-2022,16049.2002,1702.400024,80.85659027,20836.32813
18-07-2022,16278.5,1709.199951,80.28400421,22485.68945
19-07-2022,16340.5498,1710,82.36290741,23389.43359
20-07-2022,16520.84961,1699.5,82.16911316,23231.73242
21-07-2022,16605.25,1712.699951,82.82095337,23164.62891
22-07-2022,16719.44922,1727.099976,83.25260162,22714.97852
25-07-2022,16631,1719,83.39352417,21361.70117
26-07-2022,16483.84961,1717.699951,83.48163605,21239.75391
27-07-2022,16641.80078,1719.099976,83.98371887,22930.54883
28-07-2022,16929.59961,1750.300049,86.70566559,23843.88672
29-07-2022,17158.25,1762.900024,87.17255402,23804.63281
01-08-2022,17340.05078,1769,86.46781921,23314.19922
02-08-2022,17345.44922,1771.099976,85.35791016,22978.11719
03-08-2022,17388.15039,1758,85.63098145,22846.50781
04-08-2022,17382,1788.5,85.49885559,22630.95703
05-08-2022,17397.5,1772.900024,85.73670197,23289.31445
08-08-2022,17525.09961,1786.800049,86.50307465,23809.48633
10-08-2022,17534.75,1795.599976,88.30007172,23947.64258
11-08-2022,17659,1789.699951,88.08866119,23957.5293
12-08-2022,17698.15039,1798.599976,89.60379028,24402.81836
16-08-2022,17825.25,1773.199951,89.72711945,23883.29102
17-08-2022,17944.25,1760.300049,89.18976593,23335.99805
18-08-2022,17956.5,1755.300049,88.59957123,23212.73828
19-08-2022,17758.44922,1747.599976,87.66584015,20877.55273
22-08-2022,17490.69922,1734,85.75431061,21398.9082
23-08-2022,17577.5,1746.800049,84.65319824,21528.08789
24-08-2022,17604.94922,1747.800049,85.13769531,21395.01953
25-08-2022,17522.44922,1757.699951,86.40617371,21600.9043
26-08-2022,17558.90039,1736.099976,84.23036957,20260.01953
29-08-2022,17312.90039,1736.599976,83.47280884,20297.99414
30-08-2022,17759.30078,1723.199951,82.31885529,19796.80859
01-09-2022,17542.80078,1696.599976,82.08101654,20127.14063
02-09-2022,17539.44922,1709.800049,80.93584442,19969.77148
06-09-2022,17655.59961,1700.400024,81.66698456,18837.66797
07-09-2022,17624.40039,1715.300049,83.26139832,19290.32422
08-09-2022,17798.75,1708,83.49042511,19329.83398
09-09-2022,17833.34961,1716.199951,84.39774323,21381.15234
12-09-2022,17936.34961,1728.099976,85.21697235,22370.44922
13-09-2022,18070.05078,1705,81.95770264,20296.70703
14-09-2022,18003.75,1696.5,81.02394104,20241.08984
15-09-2022,17877.40039,1665.400024,79.52643585,19701.21094
16-09-2022,17530.84961,1671.699951,79.5352478,19772.58398
19-09-2022,17622.25,1666.199951,79.42072296,19544.12891
20-09-2022,17816.25,1659.699951,77.49159241,18890.78906
21-09-2022,17718.34961,1664.599976,76.26717377,18547.40039
22-09-2022,17629.80078,1670.800049,75.29818726,19413.55078
23-09-2022,17327.34961,1645.300049,74.29734802,19297.63867
26-09-2022,17016.30078,1623.300049,72.21374512,19222.67188
27-09-2022,17007.40039,1626.699951,71.2520752,19110.54688
28-09-2022,16858.59961,1660.400024,72.73020172,19426.7207
29-09-2022,16818.09961,1658.5,70.59317017,19573.05078
30-09-2022,17094.34961,1662.400024,71.38565063,19431.78906
03-10-2022,16887.34961,1692.900024,72.65895081,19623.58008
04-10-2022,17274.30078,1721.099976,74.1281662,20336.84375
06-10-2022,17331.80078,1711.699951,70.65548706,19955.44336
07-10-2022,17314.65039,1700.5,68.95477295,19546.84961
10-10-2022,17241,1667.300049,68.30476379,19141.48438
11-10-2022,16983.55078,1678.699951,68.9992981,19051.41797
12-10-2022,17123.59961,1670.300049,68.27805328,19157.44531
13-10-2022,17014.34961,1670,69.52465057,19382.9043
14-10-2022,17185.69922,1641.699951,67.79723358,19185.65625
17-10-2022,17311.80078,1657,70.35275269,19550.75781
18-10-2022,17486.94922,1649,71.11850739,19334.41602
19-10-2022,17512.25,1627.5,69.34655762,19139.53516
20-10-2022,17563.94922,1630.800049,69.04382324,19053.74023
21-10-2022,17576.30078,1651,69.5869751,19172.46875
24-10-2022,17730.75,1648.699951,69.57807922,19345.57227
25-10-2022,17656.34961,1652.800049,72.31168365,20095.85742
27-10-2022,17736.94922,1660.699951,72.37401581,20285.83594
28-10-2022,17786.80078,1639.599976,73.96788788,20595.35156
31-10-2022,18012.19922,1635.900024,73.88776398,20495.77344
01-11-2022,18145.40039,1645,73.86103058,20485.27344
02-11-2022,18082.84961,1645.699951,71.83085632,20159.50391
03-11-2022,18052.69922,1627.300049,71.73290253,20209.98828
04-11-2022,18117.15039,1672.5,72.71239471,21147.23047
07-11-2022,18202.80078,1676.5,72.71239471,20602.81641
09-11-2022,18157,1710.099976,72.18702698,15880.78027
10-11-2022,18028.19922,1750.300049,77.46727753,17586.77148
11-11-2022,18349.69922,1766,77.45838165,17034.29297
14-11-2022,18329.15039,1773.599976,75.57067108,16618.19922
15-11-2022,18403.40039,1773.800049,76.38985443,16884.61328
16-11-2022,18409.65039,1773,75.69532013,16669.43945
17-11-2022,18343.90039,1760.800049,75.17887115,16687.51758
18-11-2022,18307.65039,1751.900024,76.13162231,16697.77734
21-11-2022,18159.94922,1737.400024,76.53232574,15787.28418
22-11-2022,18244.19922,1738.300049,76.95081329,16189.76953
23-11-2022,18267.25,1744.900024,77.01314545,16610.70703
25-11-2022,18512.75,1753.300049,77.50289154,16521.8418
28-11-2022,18562.75,1740.099976,75.42819214,16217.32227
29-11-2022,18618.05078,1748.400024,76.67478943,16444.98242
30-11-2022,18758.34961,1746,78.42893982,17168.56641
01-12-2022,18812.5,1801.099976,78.259758,16967.13281
02-12-2022,18696.09961,1795.900024,78.02824402,17088.66016
05-12-2022,18701.05078,1767.400024,76.60355377,16974.82617
06-12-2022,18642.75,1769.300049,75.88230133,17089.50391
07-12-2022,18560.5,1785.5,76.03369141,16848.12695
08-12-2022,18609.34961,1788.699951,76.56793976,17233.47461
09-12-2022,18496.59961,1798.099976,76.42547607,17133.15234
12-12-2022,18497.15039,1780.5,77.01314545,17206.4375
13-12-2022,18608,1813.900024,78.43784332,17781.31836
14-12-2022,18660.30078,1807.5,77.90357208,17815.65039
15-12-2022,18414.90039,1777.199951,76.86177063,17364.86523
16-12-2022,18269,1790,74.87612915,16647.48438
19-12-2022,18420.44922,1787.699951,73.92336273,16439.67969
20-12-2022,18385.30078,1815.900024,73.73638153,16906.30469
21-12-2022,18199.09961,1815.900024,74.36858368,16817.53516
22-12-2022,18127.34961,1787,74.05613708,16830.3418
23-12-2022,17806.80078,1795.900024,74.71533203,16796.95313
27-12-2022,18132.30078,1814.800049,74.68824768,16717.17383
28-12-2022,18122.5,1807.900024,73.41499329,16552.57227
29-12-2022,18191,1819.5,75.02236176,16642.3418
30-12-2022,18105.30078,1819.699951,74.48055267,16602.58594
03-01-2023,18232.55078,1839.699951,74.55279541,16679.85742
04-01-2023,18042.94922,1852.800049,76.24143219,16863.23828
05-01-2023,17992.15039,1834.800049,74.19158173,16836.73633
06-01-2023,17859.44922,1864.199951,76.18726349,16951.96875
09-01-2023,18101.19922,1872.699951,76.21434021,17196.55469
10-01-2023,17914.15039,1871.599976,76.38591766,17446.29297
11-01-2023,17895.69922,1874.599976,79.12204742,17934.89648
12-01-2023,17858.19922,1895.5,80.12438202,18869.58789
13-01-2023,17956.59961,1918.400024,79.62773132,19909.57422
17-01-2023,18053.30078,1907.199951,79.85349274,21161.51953
18-01-2023,18165.34961,1904.400024,78.68859863,20688.78125
19-01-2023,18107.84961,1922.099976,78.25514984,21086.79297
20-01-2023,18027.65039,1926.400024,79.18524933,22676.55273
23-01-2023,18118.55078,1927.099976,79.54646301,22934.43164
24-01-2023,18118.30078,1933.900024,79.74512482,22636.46875
25-01-2023,17891.94922,1941.199951,79.78123474,23117.85938
27-01-2023,17604.34961,1928.599976,81.57822418,23078.72852
30-01-2023,17648.94922,1922.900024,80.53977966,22840.13867
31-01-2023,17662.15039,1929.5,82.22840881,23139.2832
01-02-2023,17616.30078,1927.800049,82.73410034,23723.76953
02-02-2023,17610.40039,1916.300049,84.61236572,23471.87109
03-02-2023,17854.05078,1862.900024,83.02306366,23449.32227
06-02-2023,17764.59961,1866.199951,82.41804504,22760.10938
07-02-2023,17721.5,1871.699951,82.23744965,23264.29102
08-02-2023,17871.69922,1877.400024,81.84915161,22939.39844
09-02-2023,17893.44922,1866.199951,80.95516205,21819.03906
10-02-2023,17856.5,1862.800049,81.23509979,21651.18359
13-02-2023,17770.90039,1851.900024,81.95750427,21808.10156
14-02-2023,17929.84961,1854,81.30732727,22220.80469
15-02-2023,18015.84961,1834.199951,81.6324234,24307.8418
16-02-2023,18035.84961,1842,80.83776093,23623.47461
17-02-2023,17944.19922,1840.400024,80.52171326,24565.60156
21-02-2023,17826.69922,1833,78.90532684,24436.35352
22-02-2023,17554.30078,1832,78.19194794,24188.84375
23-02-2023,17511.25,1818,78.77890778,23947.49219
24-02-2023,17465.80078,1808.800049,77.39728546,23198.12695
27-02-2023,17392.69922,1817,77.51468658,23522.87109
28-02-2023,17303.94922,1828.900024,77.40631104,23147.35352
01-03-2023,17450.90039,1837.699951,76.43105316,23646.55078
02-03-2023,17321.90039,1833.5,77.32505798,23475.4668
03-03-2023,17594.34961,1847.699951,78.4989624,22362.67969
06-03-2023,17711.44922,1847.900024,78.19194794,22429.75781
08-03-2023,17754.40039,1812.699951,77.24377441,21718.08008
09-03-2023,17589.59961,1829.300049,75.47387695,20363.02148
10-03-2023,17412.90039,1862,72.97252655,20187.24414
13-03-2023,17154.30078,1911.699951,73.92971039,24197.5332
14-03-2023,17043.30078,1906.199951,74.64309692,24746.07422
15-03-2023,16972.15039,1926.599976,74.58891296,24375.96094
16-03-2023,16985.59961,1919,74.42636871,25052.78906
17-03-2023,17100.05078,1969.800049,72.73773956,27423.92969
20-03-2023,16988.40039,1979.199951,73.56851196,27767.23633
21-03-2023,17107.5,1938,73.2434082,28175.81641
22-03-2023,17151.90039,1946.800049,70.50728607,27307.4375
23-03-2023,17076.90039,1993.800049,70.06481934,28333.97266
24-03-2023,16945.05078,1982.099976,71.8615799,27493.28516
27-03-2023,16985.69922,1952.400024,71.77948761,27139.88867
28-03-2023,16951.69922,1972.400024,71.6062088,27268.13086
29-03-2023,17080.69922,1966.099976,73.19319916,28348.44141
31-03-2023,17359.75,1969,75.73786926,28478.48438
03-04-2023,17398.05078,1983.900024,75.13589478,27790.2207
05-04-2023,17557.05078,2020.900024,74.63425446,28177.98438
06-04-2023,17599.15039,2011.900024,75.14501953,28044.14063
10-04-2023,17624.05078,1989.099976,75.49160767,29652.98047
11-04-2023,17722.30078,2004.800049,75.81082153,30235.05859
12-04-2023,17812.40039,2010.900024,75.44599152,30139.05273
13-04-2023,17828,2041.300049,75.21797943,30399.06641
17-04-2023,17706.84961,1994.199951,75.59192657,29445.04492
18-04-2023,17660.15039,2007.400024,75.41864014,30397.55273
19-04-2023,17618.75,1995.199951,75.86554718,28822.67969
20-04-2023,17624.44922,2007.599976,75.11765289,28245.98828
21-04-2023,17624.05078,1979.5,75.12678528,27276.91016
24-04-2023,17743.40039,1989.099976,74.84403229,27525.33984
25-04-2023,17769.25,1994,74.10527039,28307.59766
26-04-2023,17813.59961,1985.699951,73.39385223,28422.70117
27-04-2023,17915.05078,1989.900024,75.05381012,29473.78711
28-04-2023,18065,1990.099976,75.97499847,29340.26172
02-05-2023,18147.65039,2014.300049,74.13262177,28680.53711
03-05-2023,18089.84961,2028.599976,73.84076691,29006.30859
04-05-2023,18255.80078,2048,74.45184326,28847.71094
05-05-2023,18069,2017.400024,75.69224548,29534.38477
08-05-2023,18264.40039,2026.300049,75.25447083,27694.27344
09-05-2023,18265.94922,2036.199951,74.9352417,27658.77539
10-05-2023,18315.09961,2030.5,75.65576172,27621.75586
11-05-2023,18297,2014.699951,74.82579041,27000.78906
12-05-2023,18314.80078,2014.5,74.81667328,26804.99023
15-05-2023,18398.84961,2018,74.68898773,27192.69336
16-05-2023,18286.5,1988.400024,72.81925201,27036.65039
17-05-2023,18181.75,1980.699951,73.80428314,27398.80273
18-05-2023,18129.94922,1956.5,73.44857025,26832.20898
19-05-2023,18203.40039,1978.699951,73.33000183,26890.12891
22-05-2023,18314.40039,1974.800049,73.77693176,26851.27734
23-05-2023,18348,1972.400024,73.08375549,27225.72656
24-05-2023,18285.40039,1962.800049,71.51499939,26334.81836
25-05-2023,18321.15039,1943.099976,71.50587463,26476.20703
26-05-2023,18499.34961,1944.099976,72.32673645,26719.29102
30-05-2023,18633.84961,1958,72.60034943,27702.34961
31-05-2023,18534.40039,1963.900024,72.96517944,27219.6582
01-06-2023,18487.75,1978,72.97429657,26819.97266
02-06-2023,18534.09961,1952.400024,74.75283051,27249.58984
05-06-2023,18593.84961,1958,74.23295593,25760.09766
06-06-2023,18599,1965.5,74.94435883,27238.7832
07-06-2023,18726.40039,1942.699951,76.32158661,26345.99805
08-06-2023,18634.55078,1963.599976,75.8473053,26508.2168
09-06-2023,18563.40039,1962.199951,75.40951538,26480.375
12-06-2023,18601.5,1955.300049,75.427742,25902.5
13-06-2023,18716.15039,1944.599976,75.91116333,25918.72852
14-06-2023,18755.90039,1955.300049,76.1938858,25124.67578
15-06-2023,18688.09961,1957.800049,76.59519958,25576.39453
16-06-2023,18826,1958.400024,76.54047394,26327.46289
20-06-2023,18816.69922,1935.5,75.63754272,28327.48828
21-06-2023,18856.84961,1933.300049,75.1815033,30027.29688
22-06-2023,18771.25,1912.699951,74.10527039,29912.28125
23-06-2023,18665.5,1919.099976,73.08375549,30695.46875
26-06-2023,18691.19922,1923.699951,74.77108002,30271.13086
27-06-2023,18817.40039,1914,75.69224548,30688.16406
28-06-2023,18972.09961,1912.300049,75.80169678,30086.24609
30-06-2023,19189.05078,1921.099976,77.07272339,30477.25195
03-07-2023,19322.55078,1921.699951,77.82905579,31156.43945
05-07-2023,19398.5,1919.599976,78.00430298,30514.16602
06-07-2023,19497.30078,1908.699951,77.4047699,29909.33789
07-07-2023,19331.80078,1926.199951,77.22953033,30342.26563
10-07-2023,19355.90039,1925,77.56156921,30414.4707
11-07-2023,19439.40039,1931.300049,78.66840363,30620.95117
12-07-2023,19384.30078,1956.199951,79.09270477,30391.64648
13-07-2023,19413.75,1959.199951,79.59999847,31476.04883
14-07-2023,19564.5,1960.099976,79.44319153,30334.06836
17-07-2023,19711.44922,1952.400024,78.92668152,30145.88867
18-07-2023,19749.25,1977.199951,78.4931488,29856.5625
19-07-2023,19833.15039,1977.5,79.37863159,29913.92383
20-07-2023,19979.15039,1968.300049,79.12036133,29792.01563
21-07-2023,19745,1964.300049,79.48931885,29908.74414
24-07-2023,19672.34961,1960.300049,80.14419556,29176.91602
25-07-2023,19680.59961,1962.099976,79.57233429,29227.39063
26-07-2023,19778.30078,1968.900024,79.93205261,29354.97266
27-07-2023,19659.90039,1945.400024,78.19799805,29210.68945
28-07-2023,19646.05078,1960.400024,78.13344574,29319.24609
31-07-2023,19753.80078,1970.5,78.64073944,29230.11133
01-08-2023,19733.55078,1940.699951,78.51161194,29675.73242
02-08-2023,19526.55078,1937.400024,78.05964661,29151.95898
03-08-2023,19381.65039,1932,77.21107483,29178.67969
04-08-2023,19517,1939.599976,76.58386993,29074.0918
07-08-2023,19597.30078,1933.5,77.54312134,29180.57813
08-08-2023,19570.84961,1924.099976,77.04504395,29765.49219
09-08-2023,19632.55078,1915.400024,77.03582764,29561.49414
10-08-2023,19543.09961,1914.400024,76.74065399,29429.5918
11-08-2023,19428.30078,1912.900024,76.86058044,29397.71484
14-08-2023,19434.55078,1910.599976,76.35329437,29408.44336
16-08-2023,19465,1896.099976,74.56388855,28701.7793
17-08-2023,19365.25,1884.099976,73.9643631,26664.55078
18-08-2023,19310.15039,1886.099976,74.19494629,26049.55664
21-08-2023,19393.59961,1893.300049,73.51238251,26124.14063
22-08-2023,19396.44922,1896.400024,73.72454071,26031.65625
23-08-2023,19444,1918.5,74.88671875,26431.64063
24-08-2023,19386.69922,1918.199951,74.6007843,26162.37305
25-08-2023,19265.80078,1911.099976,74.65614319,26047.66797
28-08-2023,19306.05078,1917.900024,75.35712433,26106.15039
29-08-2023,19342.65039,1936.5,76.2702713,27727.39258
30-08-2023,19347.44922,1944.300049,76.54696655,27297.26563
31-08-2023,19253.80078,1938.199951,75.98432922,25931.47266
01-09-2023,19435.30078,1939.800049,76.11347198,25800.72461
05-09-2023,19574.90039,1926.199951,75.22798157,25779.98242
06-09-2023,19611.05078,1918.099976,75.07119751,25753.23633
07-09-2023,19727.05078,1917.5,75.54158783,26240.19531
08-09-2023,19819.94922,1918.400024,75.24643707,25905.6543
11-09-2023,19996.34961,1923.300049,75.25566864,25162.6543
12-09-2023,19993.19922,1911.300049,75.21876526,25833.34375
13-09-2023,20070,1909.099976,74.3978653,26228.32422
14-09-2023,20103.09961,1910,75.74452209,26539.67383
15-09-2023,20192.34961,1923.699951,75.45858002,26608.69336
18-09-2023,20133.30078,1931.5,74.78525543,26754.28125
20-09-2023,19901.40039,1945.599976,74.50854492,27132.00781
21-09-2023,19742.34961,1919.199951,71.97205353,26567.63281
22-09-2023,19674.25,1925.400024,71.42785645,26579.56836
25-09-2023,19674.55078,1916.599976,71.36328125,26298.48047
26-09-2023,19664.69922,1900.400024,70.06275177,26217.25
27-09-2023,19716.44922,1871.599976,69.59233856,26352.7168
28-09-2023,19523.55078,1860.400024,70.26010895,27021.54688
29-09-2023,19638.30078,1848.099976,70.46501923,26911.7207
03-10-2023,19528.75,1824.599976,67.82001495,27429.97852
04-10-2023,19436.09961,1818.5,68.64890289,27799.39453
05-10-2023,19545.75,1816.599976,69.03075409,27415.91211
06-10-2023,19653.5,1830.199951,69.21701813,27946.59766
09-10-2023,19512.34961,1849.5,69.9713974,27583.67773
10-10-2023,19689.84961,1861,70.30667114,27391.01953
11-10-2023,19811.34961,1872.800049,71.52674866,26873.32031
12-10-2023,19794,1869.300049,70.48365021,26756.79883
13-10-2023,19751.05078,1927.400024,70.30667114,26862.375
16-10-2023,19731.75,1921.099976,71.1448822,28519.4668
17-10-2023,19811.5,1922.699951,71.04244995,28415.74805
18-10-2023,19671.09961,1955.300049,69.53368378,28328.3418
19-10-2023,19624.69922,1968.400024,67.88521576,28719.80664
20-10-2023,19542.65039,1982.5,67.42884827,29682.94922
23-10-2023,19281.75,1976.300049,66.76760101,33086.23438
25-10-2023,19122.15039,1984.099976,66.17155457,34502.82031
26-10-2023,18857.25,1987.199951,67.43817139,34156.64844
27-10-2023,19047.25,1988.599976,66.3578186,33909.80078
30-10-2023,19140.90039,1996.199951,66.77690887,34502.36328
31-10-2023,19079.59961,1985.199951,67.91314697,34667.78125
01-11-2023,18989.15039,1978.800049,68.3322525,35437.25391
02-11-2023,19133.25,1985.599976,70.57678223,34938.24219
03-11-2023,19230.59961,1991.5,72.26248932,34732.32422
06-11-2023,19411.75,1981.599976,71.2193985,35037.37109
07-11-2023,19406.69922,1966.800049,70.63264465,35443.5625
08-11-2023,19443.5,1951.5,70.86548615,35655.27734
09-11-2023,19395.30078,1964.199951,69.74787903,36693.125
10-11-2023,19425.34961,1932.599976,70.39981079,37313.96875
13-11-2023,19443.55078,1945.5,69.81307983,36502.35547
15-11-2023,19675.44922,1960.099976,73.90164185,37880.58203
16-11-2023,19765.19922,1983.900024,73.74332428,36154.76953
17-11-2023,19731.80078,1981.599976,73.68744659,36596.68359
20-11-2023,19694,1977.699951,74.22760773,37476.95703
21-11-2023,19783.40039,1999.300049,73.70606995,35813.8125
22-11-2023,19811.84961,1991.400024,74.06929016,37432.33984
24-11-2023,19794.69922,2002.199951,74.28349304,37720.28125
28-11-2023,19889.69922,2039.699951,75.04720306,37831.08594
29-11-2023,20096.59961,2047.099976,75.56874084,37858.49219
30-11-2023,20133.15039,2038.099976,76.11823273,37712.74609
01-12-2023,20267.90039,2071,77.99021912,38688.75
04-12-2023,20686.80078,2024.099976,78.55832672,41980.09766
05-12-2023,20855.09961,2018.5,78.03678894,44080.64844
06-12-2023,20937.69922,2030.5,77.80395508,43746.44531
07-12-2023,20901.15039,2029.900024,78.02748108,43292.66406
08-12-2023,20969.40039,1998.300049,77.89709473,44166.60156
11-12-2023,20997.09961,1978,78.11128998,41243.83203
12-12-2023,20906.40039,1977.800049,78.06472778,41450.22266
13-12-2023,20926.34961,1982.300049,81.05432129,42890.74219
14-12-2023,21182.69922,2030.199951,83.39198303,43023.97266
15-12-2023,21456.65039,2021.099976,82.2184906,41929.75781
18-12-2023,21418.65039,2026.300049,82.03221893,42623.53906
19-12-2023,21453.09961,2038.400024,82.65622711,42270.52734
20-12-2023,21150.15039,2034.5,81.65036774,43652.25
21-12-2023,21255.05078,2039.099976,82.37447357,43869.15234
22-12-2023,21349.40039,2057.100098,82.69501495,43997.90234
26-12-2023,21441.34961,2058.199951,83.30786133,42520.40234
27-12-2023,21654.75,2081.899902,83.71327972,43442.85547
28-12-2023,21778.69922,2073.899902,84.30725098,42627.85547
29-12-2023,21731.40039,2062.399902,83.30786133,42099.40234
02-01-2024,21665.80078,2064.399902,84.02440643,44957.96875
03-01-2024,21517.34961,2034.199951,82.01618958,42848.17578
04-01-2024,21658.59961,2042.300049,81.86534882,44179.92188
05-01-2024,21710.80078,2042.400024,81.65792084,44162.69141
08-01-2024,21513,2026.599976,82.82702637,46970.50391
09-01-2024,21544.84961,2026.400024,82.27075958,46139.73047
10-01-2024,21618.69922,2021.699951,82.36503601,46627.77734
11-01-2024,21647.19922,2014.300049,81.60134888,46368.58594
12-01-2024,21894.55078,2046.699951,82.09161377,42853.16797
16-01-2024,22032.30078,2026,81.48822021,43154.94531
17-01-2024,21571.94922,2002.599976,79.99855042,42742.65234
18-01-2024,21462.25,2018.599976,79.56484985,41262.05859
19-01-2024,21622.40039,2026.5,80.51709747,41618.40625
23-01-2024,21238.80078,2023.699951,80.44168091,39845.55078
24-01-2024,21453.94922,2013.900024,79.29143524,40077.07422
25-01-2024,21352.59961,2016.900024,80.30969238,39933.80859
29-01-2024,21737.59961,2025.199951,80.61138916,43288.24609
30-01-2024,21522.09961,2031.5,79.8571167,42952.60938
31-01-2024,21725.69922,2048.399902,79.09344482,42582.60547
01-02-2024,21697.44922,2053,80.52654266,43075.77344
02-02-2024,21853.80078,2036.099976,79.52713013,43185.85938
05-02-2024,21771.69922,2025.699951,77.85834503,42658.66797
06-02-2024,21929.40039,2034.5,78.90488434,43084.67188
07-02-2024,21930.5,2035.199951,78.79174042,44318.22266
08-02-2024,21717.94922,2032.199951,79.4328537,45301.56641
09-02-2024,21782.5,2023.300049,79.55541992,47147.19922
12-02-2024,21616.05078,2018.199951,79.57427979,49958.22266
13-02-2024,21743.25,1992.900024,77.93377686,49742.44141
14-02-2024,21840.05078,1990.300049,78.54660034,51826.69531
15-02-2024,21910.75,2002.099976,80.37569427,51938.55469
16-02-2024,22040.69922,2011.5,79.54599762,52160.20313
20-02-2024,22196.94922,2027.5,79.40457153,52284.875
21-02-2024,22055.05078,2022.300049,79.84770203,51839.17969
22-02-2024,22217.44922,2019.699951,79.99855042,51304.97266
23-02-2024,22212.69922,2038.599976,79.96083069,50731.94922
26-02-2024,22122.05078,2028.5,79.08401489,54522.40234
27-02-2024,22198.34961,2034,79.17830658,57085.37109
28-02-2024,21951.15039,2033,79.97969055,62504.78906
29-02-2024,21982.80078,2045.699951,80.65853119,61198.38281
01-03-2024,22338.75,2086.899902,81.62020874,62440.63281
04-03-2024,22405.59961,2117.699951,82.38389587,68330.41406
05-03-2024,22356.30078,2133.5,81.3844986,63801.19922
06-03-2024,22474.05078,2150.300049,81.78990936,66106.80469
07-03-2024,22493.55078,2158,81.77105713,66925.48438
11-03-2024,22332.65039,2182.5,82.31788635,72123.90625
12-03-2024,22335.69922,2160.399902,82.13877106,71481.28906
13-03-2024,21997.69922,2175.399902,81.72392273,73083.5
14-03-2024,22146.65039,2163,80.49823761,71396.59375
15-03-2024,22023.34961,2157.300049,80.31912231,69403.77344
18-03-2024,22055.69922,2160.699951,80.35683441,67548.59375
19-03-2024,21817.44922,2156.300049,80.32852173,61912.77344
20-03-2024,21839.09961,2157.899902,80.85652161,67913.67188
21-03-2024,22011.94922,2182.399902,81.44106293,65491.39063
22-03-2024,22096.75,2158.100098,80.41601563,63778.76172
26-03-2024,22004.69922,2175.600098,79.59825897,69987.83594
27-03-2024,22123.65039,2190.600098,81.65216827,69455.34375
28-03-2024,22326.90039,2217.399902,82.23221588,70744.95313
01-04-2024,22462,2236.5,80.85342407,69702.14844
02-04-2024,22453.30078,2261,79.83598328,65446.97266
03-04-2024,22434.65039,2294.399902,79.92156219,65980.8125
04-04-2024,22514.65039,2288.800049,79.40808868,68508.84375
05-04-2024,22513.69922,2325.699951,79.81697083,67837.64063
08-04-2024,22666.30078,2331.699951,80.67276001,71631.35938
09-04-2024,22642.75,2343.5,81.74726105,69139.01563
10-04-2024,22753.80078,2329.600098,78.36211395,70587.88281
12-04-2024,22519.40039,2356.199951,77.69650269,67195.86719
15-04-2024,22272.5,2365.800049,76.37477875,63426.21094
16-04-2024,22147.90039,2390.800049,75.30027771,63811.86328
18-04-2024,21995.84961,2382.300049,74.75828552,63512.75391
19-04-2024,22147,2398.399902,75.11961365,63843.57031
22-04-2024,22336.40039,2332.199951,75.78522491,66837.67969
23-04-2024,22368,2327.699951,76.47937775,66407.27344
24-04-2024,22402.40039,2324.5,76.62200928,64276.89844
25-04-2024,22570.34961,2329.800049,76.18460083,64481.70703
26-04-2024,22419.94922,2334.800049,76.22264099,63755.32031
29-04-2024,22643.40039,2345.399902,77.00236511,63841.12109
30-04-2024,22604.84961,2291.399902,75.699646,60636.85547
02-05-2024,22648.19922,2299.199951,76.79316711,59123.43359
03-05-2024,22475.84961,2299,77.30664825,62889.83594
06-05-2024,22442.69922,2321.600098,77.37319946,63161.94922
07-05-2024,22302.5,2315.199951,78.10538483,62334.81641
08-05-2024,22302.5,2313.600098,77.44926453,61187.94141
09-05-2024,21957.5,2332.100098,79.0372467,63049.96094
10-05-2024,22055.19922,2367.300049,78.81855011,60792.77734
13-05-2024,22104.05078,2336.100098,79.07527924,62901.44922
14-05-2024,22217.84961,2353.399902,79.68384552,61552.78906
15-05-2024,22200.55078,2388.699951,80.78686523,66267.49219
16-05-2024,22403.84961,2380,80.72981262,65231.58203
17-05-2024,22466.09961,2412.199951,80.72029877,67051.875
21-05-2024,22529.05078,2421.699951,80.21633911,70136.53125
22-05-2024,22597.80078,2389.199951,79.49365997,69122.33594
23-05-2024,22967.65039,2335,77.78208923,67929.5625
24-05-2024,22957.09961,2332.5,77.83912659,68526.10156
28-05-2024,22888.15039,2355.199951,77.32566071,68296.21875
29-05-2024,22704.69922,2340.300049,76.57447052,67578.09375
30-05-2024,22488.65039,2342.899902,77.69650269,68364.99219
31-05-2024,22530.69922,2322.899902,79.1513443,67491.41406
03-06-2024,23263.90039,2346.600098,78.97068787,68804.78125
04-06-2024,21884.5,2325.5,79.57925415,70567.76563
05-06-2024,22620.34961,2354.100098,79.48416138,71082.82031
06-06-2024,22821.40039,2370.300049,79.63629913,70757.16406
07-06-2024,23290.15039,2305.199951,78.88510132,69342.58594
10-06-2024,23259.19922,2307.699951,79.1513443,69512.28125
11-06-2024,23264.84961,2307.5,78.86608887,67332.03125
12-06-2024,23322.94922,2336,79.5697403,68241.1875
13-06-2024,23398.90039,2300.199951,79.89303589,66756.39844
14-06-2024,23465.59961,2331.399902,79.87402344,66011.09375
18-06-2024,23557.90039,2330.399902,79.87402344,65140.74609
20-06-2024,23567,2353.800049,79.64579773,64828.65625
21-06-2024,23501.09961,2316.399902,79.8454895,64096.19922
24-06-2024,23537.84961,2330,80.46356964,60277.41406
25-06-2024,23721.30078,2316.600098,79.47464752,61804.64063
26-06-2024,23868.80078,2299.199951,79.22742462,60811.27734
27-06-2024,24044.5,2324.5,79.99763489,61604.80078
28-06-2024,24010.59961,2327.699951,80.63591003,60320.13672
01-07-2024,24141.94922,2327.600098,79.87536621,62851.98047
02-07-2024,24123.84961,2323,80.25082397,62029.01563
03-07-2024,24286.5,2359.800049,80.17381287,60173.92188
05-07-2024,24323.84961,2388.5,80.39522552,56662.375
08-07-2024,24320.55078,2355.199951,80.655159,56705.09766
09-07-2024,24433.19922,2360.100098,80.63591003,58009.22656
10-07-2024,24324.44922,2372.199951,81.23278046,57742.49609
11-07-2024,24315.94922,2415,83.56251526,57344.91406
12-07-2024,24502.15039,2414,84.19789886,57899.46484
15-07-2024,24586.69922,2422.899902,84.76590729,64870.15234
16-07-2024,24613,2462.399902,85.80561066,65097.14844
18-07-2024,24800.84961,2451.800049,85.63232422,63974.06641
19-07-2024,24530.90039,2395.5,85.47829437,66710.15625
22-07-2024,24509.25,2392,86.36398315,67585.25
23-07-2024,24479.05078,2404.600098,86.29659271,65927.67188
24-07-2024,24413.5,2413.300049,85.0258255,65372.13281
25-07-2024,24406.09961,2351.899902,84.74664307,65777.22656
26-07-2024,24834.84961,2380,86.22920227,67912.0625
29-07-2024,24836.09961,2377.300049,86.67205048,66819.91406
30-07-2024,24857.30078,2405,87.34593964,66201.01563
31-07-2024,24951.15039,2426.5,87.03787231,64619.25
01-08-2024,25010.90039,2435,87.9139328,65357.5
02-08-2024,24717.69922,2425.699951,87.86579132,61415.06641
05-08-2024,24055.59961,2401.699951,85.35314178,53991.45703
06-08-2024,23992.55078,2389.100098,87.03787231,56034.31641
07-08-2024,24297.5,2390.5,86.44100189,55027.46094
08-08-2024,24117,2422.199951,87.28816986,61710.13672
09-08-2024,24367.5,2432.100098,87.69250488,60880.11328
12-08-2024,24347,2462.399902,87.04749298,59354.51563
13-08-2024,24139,2466.699951,87.80802917,60609.56641
14-08-2024,24143.75,2439.399902,88.03908539,58737.26953
16-08-2024,24541.15039,2498.600098,87.92355347,58894.10547
19-08-2024,24572.65039,2501.800049,88.6552124,59493.45313
20-08-2024,24698.84961,2511.300049,88.54931641,59012.79297
21-08-2024,24770.19922,2508.399902,89.02103424,61175.19141
22-08-2024,24811.5,2478.899902,89.28096771,60381.91406
23-08-2024,24823.15039,2508.399902,91.24487305,64094.35547
26-08-2024,25010.59961,2517.699951,91.20636749,62880.66016
27-08-2024,25017.75,2516,91.34114075,59504.13281
28-08-2024,25052.34961,2501,90.98495483,59027.625
29-08-2024,25151.94922,2525.699951,90.70576477,59388.17969
30-08-2024,25235.90039,2493.800049,91.58181763,59119.47656
03-09-2024,25279.84961,2489.899902,91.53368378,57431.02344
04-09-2024,25198.69922,2493.399902,91.79361725,57971.53906
05-09-2024,25145.09961,2511.399902,91.49518585,56160.48828
06-09-2024,24852.15039,2493.5,91.40853882,53948.75391
09-09-2024,24936.40039,2501.800049,92.42900848,57019.53516
10-09-2024,25041.09961,2512.300049,93.76715851,57648.71094
11-09-2024,24918.44922,2512.100098,93.5842514,57343.17188
12-09-2024,25388.90039,2551.199951,93.9789505,58127.01172
13-09-2024,25356.5,2581.300049,94.96090698,60571.30078
16-09-2024,25383.75,2580.399902,95.27859497,58192.50781
17-09-2024,25418.55078,2564.300049,94.61433411,60308.53906
18-09-2024,25377.55078,2570.699951,94.49881744,61649.67969
19-09-2024,25415.80078,2588,94.51806641,62940.45703
20-09-2024,25790.94922,2619.899902,94.14261627,63192.97656
23-09-2024,25939.05078,2626.5,95.07643127,63329.80078
24-09-2024,25940.40039,2651.199951,95.21121216,64301.96875
25-09-2024,26004.15039,2659.199951,94.57582092,63143.14453
26-09-2024,26216.05078,2669.899902,93.71902466,65181.01953
27-09-2024,26178.94922,2644.300049,93.83843994,65790.66406
30-09-2024,25810.84961,2636.100098,94.57624054,63329.5
01-10-2024,25796.90039,2667.300049,93.96464539,60837.00781
03-10-2024,25250.09961,2657.100098,92.78025055,60759.40234
04-10-2024,25014.59961,2645.800049,92.33368683,62067.47656
07-10-2024,24795.75,2644.800049,91.51819611,62236.66016
08-10-2024,25013.15039,2615,91.70265961,62131.96875
09-10-2024,24981.94922,2606,91.79973602,60582.10156
10-10-2024,24998.44922,2620.600098,90.98425293,60274.5
11-10-2024,24964.25,2657.600098,92.01330566,62445.08984
14-10-2024,25127.94922,2647.800049,92.56667328,66046.125
15-10-2024,25057.34961,2661.399902,93.68310547,67041.10938
16-10-2024,24971.30078,2674,94.7121582,67612.71875
17-10-2024,24749.84961,2691,93.96464539,67399.83594
18-10-2024,24854.05078,2713.699951,94.66362762,68418.78906
21-10-2024,24781.09961,2723.100098,92.80937195,67367.85156
22-10-2024,24472.09961,2744.199951,92.94528198,67361.40625
23-10-2024,24435.5,2714.399902,93.62485504,66432.19531
24-10-2024,24399.40039,2734.899902,93.82872772,68161.05469
25-10-2024,24180.80078,2740.899902,92.94528198,66642.41406
28-10-2024,24339.15039,2742.899902,93.23653412,69907.75781
29-10-2024,24466.84961,2768.399902,92.56667328,72720.49219
30-10-2024,24340.84961,2788.5,92.97441101,72339.53906
31-10-2024,24205.34961,2738.300049,91.40170288,70215.1875
01-11-2024,24304.34961,2738.600098,90.39205933,69482.46875
04-11-2024,23995.34961,2736.100098,91.38227844,67811.50781
05-11-2024,24213.30078,2740.300049,92.59578705,69359.5625
06-11-2024,24484.05078,2667.600098,90.62505341,75639.07813
07-11-2024,24199.34961,2698.399902,91.71235657,75904.85938
08-11-2024,24148.19922,2687.5,93.08119202,76545.47656
11-11-2024,24141.30078,2611.199951,92.61521149,88701.48438
12-11-2024,23883.44922,2600,91.33374786,87955.8125
13-11-2024,23559.05078,2580.800049,91.83856964,90584.16406
14-11-2024,23532.69922,2568.199951,91.01338196,87250.42969
18-11-2024,23453.80078,2610.600098,91.72207642,90542.64063
19-11-2024,23518.5,2627.100098,92.16864014,92343.78906
21-11-2024,23349.90039,2672.100098,92.73170471,98504.72656
22-11-2024,23907.25,2709.899902,93.43068695,98997.66406
25-11-2024,24221.90039,2616.800049,94.73157501,93102.29688
26-11-2024,24194.5,2620.300049,95.11019135,91985.32031
27-11-2024,24274.90039,2639.899902,95.72180176,95962.53125
29-11-2024,24131.09961,2657,95.29465485,97461.52344
02-12-2024,24276.05078,2634.899902,93.90639496,95865.30469
03-12-2024,24457.15039,2644.699951,93.43068695,96002.16406
04-12-2024,24467.44922,2653.800049,93.17828369,98768.53125
05-12-2024,24708.40039,2626.600098,92.95500183,96593.57031
06-12-2024,24677.80078,2638.600098,92.8190918,99920.71094
09-12-2024,24619,2664.899902,93.08119202,97432.71875
10-12-2024,24610.05078,2697.600098,91.73177338,96675.42969
11-12-2024,24641.80078,2733.800049,91.51819611,101173.0313
12-12-2024,24548.69922,2687.5,91.37258148,100043
13-12-2024,24768.30078,2656,91.11045837,101459.2578
16-12-2024,24668.25,2651.399902,90.79009247,106029.7188
17-12-2024,24336,2644.399902,90.35322571,106140.6016
18-12-2024,24198.84961,2636.5,86.62532806,100041.5391
19-12-2024,23951.69922,2592.199951,85.28560638,97490.95313
20-12-2024,23587.5,2628.699951,86.72240448,97755.92969
23-12-2024,23753.44922,2612.300049,87.06155396,94686.24219
24-12-2024,23727.65039,2620,87.63987732,98676.09375
26-12-2024,23750.19922,2638.800049,87.87512207,95795.51563
27-12-2024,23813.40039,2617.199951,86.99293518,94164.85938
30-12-2024,23644.90039,2606.100098,86.56165314,92643.21094
31-12-2024,23644.80078,2629.199951,87.31640625,93429.20313
02-01-2025,24188.65039,2658.899902,86.54204559,96886.875
03-01-2025,24004.75,2645,87.67907715,98107.42969
06-01-2025,23616.05078,2638.399902,86.55184937,102078.0859
07-01-2025,23707.90039,2656.699951,85.72846985,96922.70313
08-01-2025,23688.94922,2664.5,85.95392609,95043.52344
10-01-2025,23431.5,2708.5,83.85629272,94701.45313
13-01-2025,23085.94922,2673.5,84.88550568,94516.52344
14-01-2025,23176.05078,2677.5,85.65986633,96534.04688
15-01-2025,23213.19922,2712.5,86.14996338,100504.4922
16-01-2025,23311.80078,2746.399902,87.93393707,99756.90625
17-01-2025,23203.19922,2744.300049,87.87512207,104462.0391
21-01-2025,23024.65039,2755,89.52186584,106146.2656
22-01-2025,23155.34961,2767.600098,87.96334076,103653.0703
23-01-2025,23205.34961,2763.100098,88.61027527,103960.1719
24-01-2025,23092.19922,2777.300049,88.91413116,104819.4844
27-01-2025,22829.15039,2737.5,90.10017395,102087.6875
28-01-2025,22957.25,2766.800049,89.01215363,101332.4766
29-01-2025,23163.09961,2769.100098,87.83591461,103703.2109
30-01-2025,23249.5,2823,88.95334625,104735.3047
31-01-2025,23508.40039,2812.5,88.75730133,102405.0234
03-02-2025,23361.05078,2833.899902,88.57106018,101405.4219
04-02-2025,23739.25,2853.300049,88.63967896,97871.82031
05-02-2025,23696.30078,2871.600098,89.88453674,96615.44531
06-02-2025,23603.34961,2856,90.10997772,96593.29688
07-02-2025,23559.94922,2867.300049,89.81591797,96529.08594
10-02-2025,23381.59961,2914.300049,89.77671051,97437.55469
11-02-2025,23071.80078,2912.5,90.16879272,95747.42969
12-02-2025,23045.25,2909,89.33562469,97885.85938
13-02-2025,23031.40039,2925.899902,90.22760773,96623.86719
14-02-2025,22929.25,2883.600098,89.81591797,97508.96875
18-02-2025,22945.30078,2931.600098,90.21780396,95539.54688
19-02-2025,22932.90039,2919.399902,90.2864151,96635.60938
20-02-2025,22913.15039,2940,90.7177124,98333.9375
21-02-2025,22795.90039,2937.600098,89.82572174,96125.54688
24-02-2025,22553.34961,2947.899902,90.1785965,91418.17188
25-02-2025,22547.55078,2904.5,91.28622437,88736.17188
27-02-2025,22545.05078,2883.199951,91.26661682,84704.22656
28-02-2025,22124.69922,2836.800049,92.04098511,84373.00781
03-03-2025,22119.30078,2890.199951,92.47226715,86065.67188
04-03-2025,22082.65039,2909.600098,91.40384674,87222.19531
05-03-2025,22337.30078,2915.300049,92.42326355,90623.5625
06-03-2025,22544.69922,2916.600098,90.05117035,89961.72656
07-03-2025,22552.5,2904.699951,90.59027863,86742.67188
10-03-2025,22460.30078,2891,89.71789551,78532
11-03-2025,22497.90039,2912.899902,88.66908264,82862.21094
12-03-2025,22470.5,2939.100098,88.3946228,83722.35938
13-03-2025,22397.19922,2984.300049,86.64987183,81066.70313
17-03-2025,22508.75,3000,89.89433289,84075.6875
18-03-2025,22834.30078,3035.100098,89.42384338,82718.5
19-03-2025,22907.59961,3035.899902,89.53165436,86854.22656
20-03-2025,23190.65039,3040,89.47284698,84167.19531
21-03-2025,23350.40039,3018.199951,88.48284149,84043.24219
24-03-2025,23658.34961,3013.100098,89.84532928,87498.91406
25-03-2025,23668.65039,3023.699951,88.83722687,87471.70313
26-03-2025,23486.84961,3020.899902,89.18382263,86900.88281
27-03-2025,23591.94922,3060.199951,88.95606232,87177.10156
28-03-2025,23519.34961,3086.5,88.83722687,84353.14844
01-04-2025,23165.69922,3118.899902,89.69876862,85169.17188
02-04-2025,23332.34961,3139.899902,90.24341583,82485.71094
03-04-2025,23250.09961,3097,87.16366577,83102.82813
04-04-2025,22904.44922,3012,83.38083649,83843.80469
07-04-2025,22161.59961,2951.300049,81.19233704,79235.33594
08-04-2025,22535.84961,2968.399902,79.01374054,76271.95313
09-04-2025,22399.15039,3056.5,83.72743225,82573.95313
11-04-2025,22828.55078,3222.199951,82.81637573,83404.83594
15-04-2025,23328.55078,3218.699951,84.78702545,83668.99219
16-04-2025,23437.19922,3326.600098,84.7276001,84033.86719
17-04-2025,23851.65039,3308.699951,85.99514771,84895.75
21-04-2025,24125.55078,3406.199951,84.20275879,87518.90625
22-04-2025,24167.25,3400.800049,85.83670807,93441.89063
23-04-2025,24328.94922,3276.300049,85.99514771,93699.10938
24-04-2025,24246.69922,3332,86.31204224,93943.79688
25-04-2025,24039.34961,3282.399902,86.16349792,94720.5
28-04-2025,24328.5,3332.5,86.69824982,94978.75
29-04-2025,24335.94922,3318.800049,87.16366577,94284.78906
30-04-2025,24334.19922,3305,87.47065735,94207.3125
02-05-2025,24346.69922,3231.899902,88.83722687,96910.07031
05-05-2025,24461.15039,3311.300049,88.63917542,94748.05469
06-05-2025,24379.59961,3411.399902,87.95588684,96802.47656
07-05-2025,24414.40039,3381.399902,88.05491638,97032.32031
08-05-2025,24273.80078,3296.600098,87.70832062,103241.4609
09-05-2025,24008,3335.399902,88.29258728,102970.8516
12-05-2025,24924.69922,3220,88.728302,102812.9531
13-05-2025,24578.34961,3240.300049,87.59938812,104169.8125
14-05-2025,24666.90039,3181.399902,86.737854,103539.4141
15-05-2025,25062.09961,3220.699951,88.32228851,103744.6406
16-05-2025,25019.80078,3182,89.42149353,103489.2891
19-05-2025,24945.44922,3228.899902,89.44129181,105606.1797
20-05-2025,24683.90039,3280.300049,88.9164505,106791.0859
21-05-2025,24813.44922,3309.300049,86.54970551,109678.0781
22-05-2025,24609.69922,3292.300049,86.15359497,111673.2813
23-05-2025,24853.15039,3363.600098,86.24271393,107287.7969
27-05-2025,24826.19922,3299.100098,87.74793243,108994.6406
28-05-2025,24752.44922,3293.600098,87.65880585,107802.3281
29-05-2025,24833.59961,3317.100098,88.45102692,105641.7578
30-05-2025,24750.69922,3288.899902,88.45102692,103998.5703
02-06-2025,24716.59961,3370.600098,88.56986237,105881.5313
03-06-2025,24542.5,3350.199951,88.39160919,105432.4688
04-06-2025,24620.19922,3373.5,88.63917542,104731.9844
05-06-2025,24750.90039,3350.699951,88.56986237,101575.9531
06-06-2025,25003.05078,3322.699951,88.99567413,104390.3438
09-06-2025,25103.19922,3332.100098,89.11450195,110294.1016
10-06-2025,25104.25,3320.899902,89.87701416,110257.2344
11-06-2025,25141.40039,3321.300049,89.39177704,108686.625
12-06-2025,24888.19922,3380.899902,89.82749939,105929.0547
13-06-2025,24718.59961,3431.199951,88.95606232,106090.9688
16-06-2025,24946.5,3396.399902,89.025383,106796.7578
17-06-2025,24853.40039,3386.600098,88.70849609,104601.1172
18-06-2025,24812.05078,3389.800049,89.01548004,104883.3281
20-06-2025,25112.40039,3368.100098,88.95606232,103309.6016
23-06-2025,24971.90039,3377.699951,90.2929306,105577.7734
24-06-2025,25044.34961,3317.399902,90.53059387,106045.6328
25-06-2025,25244.75,3327.100098,88.35199738,107361.2578
26-06-2025,25549,3333.5,88.26999664,106960
27-06-2025,25637.80078,3273.699951,88.48999786,107088.4297
30-06-2025,25517.05078,3294.399902,89.05999756,107135.3359
01-07-2025,25541.80078,3336.699951,89.70999908,105698.2813
02-07-2025,25453.40039,3348,89.91999817,108859.3203
03-07-2025,25405.30078,3331.600098,90.01999664,109647.9766
07-07-2025,25461.30078,3332.199951,89.25,108299.8516
08-07-2025,25522.5,3307,89.12000275,108950.2734
09-07-2025,25476.09961,3311.600098,89.19000244,111326.5547
10-07-2025,25355.25,3317.399902,89.75,115987.2031
11-07-2025,25149.84961,3356,89.76000214,117516.9922
14-07-2025,25082.30078,3351.5,90.33999634,119849.7031
15-07-2025,25195.80078,3329.800049,89.01000214,117777.1875
16-07-2025,25212.05078,3352.5,89.84999847,118738.5078
17-07-2025,25111.44922,3340.100098,89.75,119289.8438
18-07-2025,24968.40039,3353,89.94000244,118003.2266
21-07-2025,25090.69922,3401.899902,90.30999756,117439.5391
22-07-2025,25060.90039,3439.199951,91.86000061,119995.4141
23-07-2025,25219.90039,3394.100098,92.04000092,118754.9609
24-07-2025,25062.09961,3371,91.72000122,118368
25-07-2025,24837,3334,91.73000336,117635.8828
28-07-2025,24680.90039,3309.100098,90.26000214,117924.4766
29-07-2025,24821.09961,3323.399902,91.70999908,117922.1484
30-07-2025,24855.05078,3295.800049,90.41000366,117831.1875
31-07-2025,24768.34961,3293.199951,89.13999939,115758.2031
01-08-2025,24565.34961,3347.699951,88.91999817,113320.0859
04-08-2025,24722.75,3374.399902,89.83000183,115071.8828
05-08-2025,24649.55078,3381.899902,90.23999786,114141.4453
06-08-2025,24574.19922,3380,89.54000092,115028
07-08-2025,24596.15039,3400.300049,89.80000305,117496.8984
08-08-2025,24363.30078,3439.100098,89.05999756,116688.7266
11-08-2025,24585.05078,3353.100098,88.47000122,118731.4453
12-08-2025,24487.40039,3348.899902,88.97000122,120172.9063
13-08-2025,24619.34961,3358.699951,89.80000305,123344.0625
14-08-2025,24631.30078,3335.199951,89.16000366,118359.5781
18-08-2025,24876.94922,3331.699951,88.91000366,116252.3125
19-08-2025,24980.65039,3313.399902,90.44000244,112831.1797
20-08-2025,25050.55078,3343.399902,90.69999695,114274.7422
21-08-2025,25083.75,3336.899902,90.43000031,112419.0313
22-08-2025,24870.09961,3374.399902,92.18000031,116874.0859
25-08-2025,24967.75,3373.800049,91.65000153,110124.3516
26-08-2025,24712.05078,3388.600098,91.41000366,111802.6563
28-08-2025,24500.90039,3431.800049,91.73999786,112544.8047
29-08-2025,24426.84961,3473.699951,92.23999786,108410.8359
02-09-2025,24579.59961,3549.399902,90.70999908,111200.5859
03-09-2025,24715.05078,3593.199951,90.76000214,111723.2109
04-09-2025,24734.30078,3565.800049,91.44000244,110723.6016
